{
"type": "FeatureCollection",
"name": "lines",
"crs": { "type": "name", "properties": { "name": "urn:ogc:def:crs:OGC:1.3:CRS84" } },
"features": [
{ "type": "Feature", "properties": { "fid": 663, "handle": 16930, "block": -1, "etype": 17, "space": 0, "layer": "CAJA 5", "olinetype": "BYLAYER", "linetype": "", "color": "255,0,0,254", "ocolor": 256, "color24": -1, "transparency": 0, "lweight": -1, "linewidth": 0.0, "ltscale": 1.0, "visible": 1, "thickness": 0.0, "ext": "(3:0,0,1)", "width": null }, "geometry": { "type": "LineString", "coordinates": [ [ -7.522658626445513, 49.78536352432338, 0.0 ], [ -7.522658626445513, 49.78536352432338, 0.0 ] ] } },
{ "type": "Feature", "properties": { "fid": 664, "handle": 16931, "block": -1, "etype": 17, "space": 0, "layer": "CAJA 5", "olinetype": "BYLAYER", "linetype": "", "color": "255,0,0,254", "ocolor": 256, "color24": -1, "transparency": 0, "lweight": -1, "linewidth": 0.0, "ltscale": 1.0, "visible": 1, "thickness": 0.0, "ext": "(3:0,0,1)", "width": null }, "geometry": { "type": "LineString", "coordinates": [ [ -7.52837177856443, 49.784623436202743, 0.0 ], [ -7.52837177856443, 49.784623436202743, 0.0 ] ] } },
{ "type": "Feature", "properties": { "fid": 665, "handle": 16936, "block": -1, "etype": 17, "space": 0, "layer": "0", "olinetype": "BYLAYER", "linetype": "", "color": "0,0,255,255", "ocolor": 5, "color24": -1, "transparency": 0, "lweight": -1, "linewidth": 0.0, "ltscale": 1.0, "visible": 1, "thickness": 0.0, "ext": "(3:0,0,1)", "width": null }, "geometry": { "type": "LineString", "coordinates": [ [ -7.513525246226832, 49.783061381091002, 67.296791561766909 ], [ -7.513484628863285, 49.78304419154788, 67.296791561768259 ] ] } },
{ "type": "Feature", "properties": { "fid": 666, "handle": 16937, "block": -1, "etype": 17, "space": 0, "layer": "0", "olinetype": "BYLAYER", "linetype": "", "color": "0,0,255,255", "ocolor": 5, "color24": -1, "transparency": 0, "lweight": -1, "linewidth": 0.0, "ltscale": 1.0, "visible": 1, "thickness": 0.0, "ext": "(3:0,0,1)", "width": null }, "geometry": { "type": "LineString", "coordinates": [ [ -7.513533307571438, 49.783059430640314, 67.056944967316142 ], [ -7.513485541693601, 49.783039284986913, 67.139483083115465 ] ] } },
{ "type": "Feature", "properties": { "fid": 667, "handle": 16943, "block": -1, "etype": 17, "space": 0, "layer": "SOMBREADO SUB 04", "olinetype": "ByBlock", "linetype": "", "color": "0,255,0,254", "ocolor": 256, "color24": -1, "transparency": 0, "lweight": -1, "linewidth": 0.0, "ltscale": 5.0, "visible": 1, "thickness": 0.0, "ext": "(3:0,0,1)", "width": null }, "geometry": { "type": "LineString", "coordinates": [ [ -7.523170017428458, 49.788690116043341, 0.0 ], [ -7.523407137657913, 49.788615103830615, 0.0 ] ] } },
{ "type": "Feature", "properties": { "fid": 668, "handle": 16944, "block": -1, "etype": 17, "space": 0, "layer": "SOMBREADO SUB 04", "olinetype": "ByBlock", "linetype": "", "color": "0,255,0,254", "ocolor": 256, "color24": -1, "transparency": 0, "lweight": -1, "linewidth": 0.0, "ltscale": 5.0, "visible": 1, "thickness": 0.0, "ext": "(3:0,0,1)", "width": null }, "geometry": { "type": "LineString", "coordinates": [ [ -7.523407137657913, 49.788615103830615, 0.0 ], [ -7.523556348821835, 49.787825038814368, 0.0 ] ] } },
{ "type": "Feature", "properties": { "fid": 669, "handle": 16945, "block": -1, "etype": 17, "space": 0, "layer": "SOMBREADO SUB 04", "olinetype": "ByBlock", "linetype": "", "color": "0,255,0,254", "ocolor": 256, "color24": -1, "transparency": 0, "lweight": -1, "linewidth": 0.0, "ltscale": 5.0, "visible": 1, "thickness": 0.0, "ext": "(3:0,0,1)", "width": null }, "geometry": { "type": "LineString", "coordinates": [ [ -7.523556348821835, 49.787825038814368, 0.0 ], [ -7.523649743601642, 49.787477925456692, 0.0 ] ] } },
{ "type": "Feature", "properties": { "fid": 670, "handle": 16946, "block": -1, "etype": 17, "space": 0, "layer": "SOMBREADO SUB 04", "olinetype": "ByBlock", "linetype": "", "color": "0,255,0,254", "ocolor": 256, "color24": -1, "transparency": 0, "lweight": -1, "linewidth": 0.0, "ltscale": 5.0, "visible": 1, "thickness": 0.0, "ext": "(3:0,0,1)", "width": null }, "geometry": { "type": "LineString", "coordinates": [ [ -7.523649743601642, 49.787477925456692, 0.0 ], [ -7.523655419044201, 49.78738617126043, 0.0 ] ] } },
{ "type": "Feature", "properties": { "fid": 671, "handle": 16947, "block": -1, "etype": 17, "space": 0, "layer": "SOMBREADO SUB 04", "olinetype": "ByBlock", "linetype": "", "color": "0,255,0,254", "ocolor": 256, "color24": -1, "transparency": 0, "lweight": -1, "linewidth": 0.0, "ltscale": 5.0, "visible": 1, "thickness": 0.0, "ext": "(3:0,0,1)", "width": null }, "geometry": { "type": "LineString", "coordinates": [ [ -7.523655419044201, 49.78738617126043, 0.0 ], [ -7.523858802491516, 49.786835298214591, 0.0 ] ] } },
{ "type": "Feature", "properties": { "fid": 672, "handle": 16948, "block": -1, "etype": 17, "space": 0, "layer": "SOMBREADO SUB 04", "olinetype": "ByBlock", "linetype": "", "color": "0,255,0,254", "ocolor": 256, "color24": -1, "transparency": 0, "lweight": -1, "linewidth": 0.0, "ltscale": 5.0, "visible": 1, "thickness": 0.0, "ext": "(3:0,0,1)", "width": null }, "geometry": { "type": "LineString", "coordinates": [ [ -7.523858802491516, 49.786835298214591, 0.0 ], [ -7.52344479794847, 49.786569307036757, 0.0 ] ] } },
{ "type": "Feature", "properties": { "fid": 673, "handle": 16949, "block": -1, "etype": 17, "space": 0, "layer": "SOMBREADO SUB 04", "olinetype": "ByBlock", "linetype": "", "color": "0,255,0,254", "ocolor": 256, "color24": -1, "transparency": 0, "lweight": -1, "linewidth": 0.0, "ltscale": 5.0, "visible": 1, "thickness": 0.0, "ext": "(3:0,0,1)", "width": null }, "geometry": { "type": "LineString", "coordinates": [ [ -7.52344479794847, 49.786569307036757, 0.0 ], [ -7.523597276543564, 49.786357485401631, 0.0 ] ] } },
{ "type": "Feature", "properties": { "fid": 674, "handle": 16950, "block": -1, "etype": 17, "space": 0, "layer": "SOMBREADO SUB 04", "olinetype": "ByBlock", "linetype": "", "color": "0,255,0,254", "ocolor": 256, "color24": -1, "transparency": 0, "lweight": -1, "linewidth": 0.0, "ltscale": 5.0, "visible": 1, "thickness": 0.0, "ext": "(3:0,0,1)", "width": null }, "geometry": { "type": "LineString", "coordinates": [ [ -7.523597276543564, 49.786357485401631, 0.0 ], [ -7.523587924009812, 49.78624225643658, 0.0 ] ] } },
{ "type": "Feature", "properties": { "fid": 675, "handle": 16951, "block": -1, "etype": 17, "space": 0, "layer": "SOMBREADO SUB 04", "olinetype": "ByBlock", "linetype": "", "color": "0,255,0,254", "ocolor": 256, "color24": -1, "transparency": 0, "lweight": -1, "linewidth": 0.0, "ltscale": 5.0, "visible": 1, "thickness": 0.0, "ext": "(3:0,0,1)", "width": null }, "geometry": { "type": "LineString", "coordinates": [ [ -7.523587924009812, 49.78624225643658, 0.0 ], [ -7.523718658874844, 49.78609470849851, 0.0 ] ] } },
{ "type": "Feature", "properties": { "fid": 676, "handle": 16952, "block": -1, "etype": 17, "space": 0, "layer": "SOMBREADO SUB 04", "olinetype": "ByBlock", "linetype": "", "color": "0,255,0,254", "ocolor": 256, "color24": -1, "transparency": 0, "lweight": -1, "linewidth": 0.0, "ltscale": 5.0, "visible": 1, "thickness": 0.0, "ext": "(3:0,0,1)", "width": null }, "geometry": { "type": "LineString", "coordinates": [ [ -7.523718658874844, 49.78609470849851, 0.0 ], [ -7.523817097518135, 49.786061438622333, 0.0 ] ] } },
{ "type": "Feature", "properties": { "fid": 677, "handle": 16953, "block": -1, "etype": 17, "space": 0, "layer": "SOMBREADO SUB 04", "olinetype": "ByBlock", "linetype": "", "color": "0,255,0,254", "ocolor": 256, "color24": -1, "transparency": 0, "lweight": -1, "linewidth": 0.0, "ltscale": 5.0, "visible": 1, "thickness": 0.0, "ext": "(3:0,0,1)", "width": null }, "geometry": { "type": "LineString", "coordinates": [ [ -7.523817097518135, 49.786061438622333, 0.0 ], [ -7.524477465438927, 49.785343831763129, 0.0 ] ] } },
{ "type": "Feature", "properties": { "fid": 678, "handle": 16954, "block": -1, "etype": 17, "space": 0, "layer": "SOMBREADO SUB 04", "olinetype": "ByBlock", "linetype": "", "color": "0,255,0,254", "ocolor": 256, "color24": -1, "transparency": 0, "lweight": -1, "linewidth": 0.0, "ltscale": 5.0, "visible": 1, "thickness": 0.0, "ext": "(3:0,0,1)", "width": null }, "geometry": { "type": "LineString", "coordinates": [ [ -7.524477465438927, 49.785343831763129, 0.0 ], [ -7.524477465438927, 49.785343831763129, 0.0 ] ] } },
{ "type": "Feature", "properties": { "fid": 679, "handle": 16955, "block": -1, "etype": 17, "space": 0, "layer": "SOMBREADO SUB 04", "olinetype": "ByBlock", "linetype": "", "color": "0,255,0,254", "ocolor": 256, "color24": -1, "transparency": 0, "lweight": -1, "linewidth": 0.0, "ltscale": 5.0, "visible": 1, "thickness": 0.0, "ext": "(3:0,0,1)", "width": null }, "geometry": { "type": "LineString", "coordinates": [ [ -7.524477465438927, 49.785343831763129, 0.0 ], [ -7.524477465438927, 49.785343831763129, 0.0 ] ] } },
{ "type": "Feature", "properties": { "fid": 680, "handle": 16956, "block": -1, "etype": 17, "space": 0, "layer": "SOMBREADO SUB 04", "olinetype": "ByBlock", "linetype": "", "color": "0,255,0,254", "ocolor": 256, "color24": -1, "transparency": 0, "lweight": -1, "linewidth": 0.0, "ltscale": 5.0, "visible": 1, "thickness": 0.0, "ext": "(3:0,0,1)", "width": null }, "geometry": { "type": "LineString", "coordinates": [ [ -7.524477465438927, 49.785343831763129, 0.0 ], [ -7.524477465438927, 49.785343831763129, 0.0 ] ] } },
{ "type": "Feature", "properties": { "fid": 681, "handle": 16957, "block": -1, "etype": 17, "space": 0, "layer": "SOMBREADO SUB 04", "olinetype": "ByBlock", "linetype": "", "color": "0,255,0,254", "ocolor": 256, "color24": -1, "transparency": 0, "lweight": -1, "linewidth": 0.0, "ltscale": 5.0, "visible": 1, "thickness": 0.0, "ext": "(3:0,0,1)", "width": null }, "geometry": { "type": "LineString", "coordinates": [ [ -7.524477465438927, 49.785343831763129, 0.0 ], [ -7.524181788230046, 49.785358848747329, 0.0 ] ] } },
{ "type": "Feature", "properties": { "fid": 682, "handle": 16958, "block": -1, "etype": 17, "space": 0, "layer": "SOMBREADO SUB 04", "olinetype": "ByBlock", "linetype": "", "color": "0,255,0,254", "ocolor": 256, "color24": -1, "transparency": 0, "lweight": -1, "linewidth": 0.0, "ltscale": 5.0, "visible": 1, "thickness": 0.0, "ext": "(3:0,0,1)", "width": null }, "geometry": { "type": "LineString", "coordinates": [ [ -7.524181788230046, 49.785358848747329, 0.0 ], [ -7.523557712230798, 49.785385899271688, 0.0 ] ] } },
{ "type": "Feature", "properties": { "fid": 683, "handle": 16959, "block": -1, "etype": 17, "space": 0, "layer": "SOMBREADO SUB 04", "olinetype": "ByBlock", "linetype": "", "color": "0,255,0,254", "ocolor": 256, "color24": -1, "transparency": 0, "lweight": -1, "linewidth": 0.0, "ltscale": 5.0, "visible": 1, "thickness": 0.0, "ext": "(3:0,0,1)", "width": null }, "geometry": { "type": "LineString", "coordinates": [ [ -7.523557712230798, 49.785385899271688, 0.0 ], [ -7.523652803075427, 49.785256218185047, 0.0 ] ] } },
{ "type": "Feature", "properties": { "fid": 684, "handle": 16960, "block": -1, "etype": 17, "space": 0, "layer": "SOMBREADO SUB 04", "olinetype": "ByBlock", "linetype": "", "color": "0,255,0,254", "ocolor": 256, "color24": -1, "transparency": 0, "lweight": -1, "linewidth": 0.0, "ltscale": 5.0, "visible": 1, "thickness": 0.0, "ext": "(3:0,0,1)", "width": null }, "geometry": { "type": "LineString", "coordinates": [ [ -7.523652803075427, 49.785256218185047, 0.0 ], [ -7.522720495471262, 49.785292414086157, 0.0 ] ] } },
{ "type": "Feature", "properties": { "fid": 685, "handle": 16961, "block": -1, "etype": 17, "space": 0, "layer": "SOMBREADO SUB 04", "olinetype": "ByBlock", "linetype": "", "color": "0,255,0,254", "ocolor": 256, "color24": -1, "transparency": 0, "lweight": -1, "linewidth": 0.0, "ltscale": 5.0, "visible": 1, "thickness": 0.0, "ext": "(3:0,0,1)", "width": null }, "geometry": { "type": "LineString", "coordinates": [ [ -7.522720495471262, 49.785292414086157, 0.0 ], [ -7.522701594451346, 49.785376205288863, 0.0 ] ] } },
{ "type": "Feature", "properties": { "fid": 686, "handle": 16962, "block": -1, "etype": 17, "space": 0, "layer": "SOMBREADO SUB 04", "olinetype": "ByBlock", "linetype": "", "color": "0,255,0,254", "ocolor": 256, "color24": -1, "transparency": 0, "lweight": -1, "linewidth": 0.0, "ltscale": 5.0, "visible": 1, "thickness": 0.0, "ext": "(3:0,0,1)", "width": null }, "geometry": { "type": "LineString", "coordinates": [ [ -7.522701594451346, 49.785376205288863, 0.0 ], [ -7.52016396050023, 49.785490530156203, 0.0 ] ] } },
{ "type": "Feature", "properties": { "fid": 687, "handle": 16963, "block": -1, "etype": 17, "space": 0, "layer": "SOMBREADO SUB 04", "olinetype": "ByBlock", "linetype": "", "color": "0,255,0,254", "ocolor": 256, "color24": -1, "transparency": 0, "lweight": -1, "linewidth": 0.0, "ltscale": 5.0, "visible": 1, "thickness": 0.0, "ext": "(3:0,0,1)", "width": null }, "geometry": { "type": "LineString", "coordinates": [ [ -7.52016396050023, 49.785490530156203, 0.0 ], [ -7.52028296621055, 49.785772541985715, 0.0 ] ] } },
{ "type": "Feature", "properties": { "fid": 688, "handle": 16964, "block": -1, "etype": 17, "space": 0, "layer": "SOMBREADO SUB 04", "olinetype": "ByBlock", "linetype": "", "color": "0,255,0,254", "ocolor": 256, "color24": -1, "transparency": 0, "lweight": -1, "linewidth": 0.0, "ltscale": 5.0, "visible": 1, "thickness": 0.0, "ext": "(3:0,0,1)", "width": null }, "geometry": { "type": "LineString", "coordinates": [ [ -7.52028296621055, 49.785772541985715, 0.0 ], [ -7.52028296621055, 49.785772541985715, 0.0 ] ] } },
{ "type": "Feature", "properties": { "fid": 689, "handle": 16965, "block": -1, "etype": 17, "space": 0, "layer": "SOMBREADO SUB 04", "olinetype": "ByBlock", "linetype": "", "color": "0,255,0,254", "ocolor": 256, "color24": -1, "transparency": 0, "lweight": -1, "linewidth": 0.0, "ltscale": 5.0, "visible": 1, "thickness": 0.0, "ext": "(3:0,0,1)", "width": null }, "geometry": { "type": "LineString", "coordinates": [ [ -7.52028296621055, 49.785772541985715, 0.0 ], [ -7.520295715903856, 49.785896803315296, 0.0 ] ] } },
{ "type": "Feature", "properties": { "fid": 690, "handle": 16966, "block": -1, "etype": 17, "space": 0, "layer": "SOMBREADO SUB 04", "olinetype": "ByBlock", "linetype": "", "color": "0,255,0,254", "ocolor": 256, "color24": -1, "transparency": 0, "lweight": -1, "linewidth": 0.0, "ltscale": 5.0, "visible": 1, "thickness": 0.0, "ext": "(3:0,0,1)", "width": null }, "geometry": { "type": "LineString", "coordinates": [ [ -7.520295715903856, 49.785896803315296, 0.0 ], [ -7.52022574248447, 49.786227515727852, 0.0 ] ] } },
{ "type": "Feature", "properties": { "fid": 691, "handle": 16967, "block": -1, "etype": 17, "space": 0, "layer": "SOMBREADO SUB 04", "olinetype": "ByBlock", "linetype": "", "color": "0,255,0,254", "ocolor": 256, "color24": -1, "transparency": 0, "lweight": -1, "linewidth": 0.0, "ltscale": 5.0, "visible": 1, "thickness": 0.0, "ext": "(3:0,0,1)", "width": null }, "geometry": { "type": "LineString", "coordinates": [ [ -7.52022574248447, 49.786227515727852, 0.0 ], [ -7.520233372140848, 49.786618800595065, 0.0 ] ] } },
{ "type": "Feature", "properties": { "fid": 692, "handle": 16968, "block": -1, "etype": 17, "space": 0, "layer": "SOMBREADO SUB 04", "olinetype": "ByBlock", "linetype": "", "color": "0,255,0,254", "ocolor": 256, "color24": -1, "transparency": 0, "lweight": -1, "linewidth": 0.0, "ltscale": 5.0, "visible": 1, "thickness": 0.0, "ext": "(3:0,0,1)", "width": null }, "geometry": { "type": "LineString", "coordinates": [ [ -7.520233372140848, 49.786618800595065, 0.0 ], [ -7.519769427125528, 49.788188666612228, 0.0 ] ] } },
{ "type": "Feature", "properties": { "fid": 693, "handle": 16969, "block": -1, "etype": 17, "space": 0, "layer": "SOMBREADO SUB 04", "olinetype": "ByBlock", "linetype": "", "color": "0,255,0,254", "ocolor": 256, "color24": -1, "transparency": 0, "lweight": -1, "linewidth": 0.0, "ltscale": 5.0, "visible": 1, "thickness": 0.0, "ext": "(3:0,0,1)", "width": null }, "geometry": { "type": "LineString", "coordinates": [ [ -7.519769427125528, 49.788188666612228, 0.0 ], [ -7.519769427125528, 49.788188666612228, 0.0 ] ] } },
{ "type": "Feature", "properties": { "fid": 694, "handle": 16970, "block": -1, "etype": 17, "space": 0, "layer": "SOMBREADO SUB 04", "olinetype": "ByBlock", "linetype": "", "color": "0,255,0,254", "ocolor": 256, "color24": -1, "transparency": 0, "lweight": -1, "linewidth": 0.0, "ltscale": 5.0, "visible": 1, "thickness": 0.0, "ext": "(3:0,0,1)", "width": null }, "geometry": { "type": "LineString", "coordinates": [ [ -7.519769427125528, 49.788188666612228, 0.0 ], [ -7.519769427125528, 49.788188666612228, 0.0 ] ] } },
{ "type": "Feature", "properties": { "fid": 695, "handle": 16971, "block": -1, "etype": 17, "space": 0, "layer": "SOMBREADO SUB 04", "olinetype": "ByBlock", "linetype": "", "color": "0,255,0,254", "ocolor": 256, "color24": -1, "transparency": 0, "lweight": -1, "linewidth": 0.0, "ltscale": 5.0, "visible": 1, "thickness": 0.0, "ext": "(3:0,0,1)", "width": null }, "geometry": { "type": "LineString", "coordinates": [ [ -7.519769427125528, 49.788188666612228, 0.0 ], [ -7.519769427125528, 49.788188666612228, 0.0 ] ] } },
{ "type": "Feature", "properties": { "fid": 696, "handle": 16972, "block": -1, "etype": 17, "space": 0, "layer": "SOMBREADO SUB 04", "olinetype": "ByBlock", "linetype": "", "color": "0,255,0,254", "ocolor": 256, "color24": -1, "transparency": 0, "lweight": -1, "linewidth": 0.0, "ltscale": 5.0, "visible": 1, "thickness": 0.0, "ext": "(3:0,0,1)", "width": null }, "geometry": { "type": "LineString", "coordinates": [ [ -7.519769427125528, 49.788188666612228, 0.0 ], [ -7.519769427125528, 49.788188666612228, 0.0 ] ] } },
{ "type": "Feature", "properties": { "fid": 697, "handle": 16973, "block": -1, "etype": 17, "space": 0, "layer": "SOMBREADO SUB 04", "olinetype": "ByBlock", "linetype": "", "color": "0,255,0,254", "ocolor": 256, "color24": -1, "transparency": 0, "lweight": -1, "linewidth": 0.0, "ltscale": 5.0, "visible": 1, "thickness": 0.0, "ext": "(3:0,0,1)", "width": null }, "geometry": { "type": "LineString", "coordinates": [ [ -7.519769427125528, 49.788188666612228, 0.0 ], [ -7.519769427125528, 49.788188666612228, 0.0 ] ] } },
{ "type": "Feature", "properties": { "fid": 698, "handle": 16974, "block": -1, "etype": 17, "space": 0, "layer": "SOMBREADO SUB 04", "olinetype": "ByBlock", "linetype": "", "color": "0,255,0,254", "ocolor": 256, "color24": -1, "transparency": 0, "lweight": -1, "linewidth": 0.0, "ltscale": 5.0, "visible": 1, "thickness": 0.0, "ext": "(3:0,0,1)", "width": null }, "geometry": { "type": "LineString", "coordinates": [ [ -7.519769427125528, 49.788188666612228, 0.0 ], [ -7.519777357244959, 49.788694405354789, 0.0 ] ] } },
{ "type": "Feature", "properties": { "fid": 699, "handle": 16975, "block": -1, "etype": 17, "space": 0, "layer": "SOMBREADO SUB 04", "olinetype": "ByBlock", "linetype": "", "color": "0,255,0,254", "ocolor": 256, "color24": -1, "transparency": 0, "lweight": -1, "linewidth": 0.0, "ltscale": 5.0, "visible": 1, "thickness": 0.0, "ext": "(3:0,0,1)", "width": null }, "geometry": { "type": "LineString", "coordinates": [ [ -7.519777357244959, 49.788694405354789, 0.0 ], [ -7.519754844391378, 49.788723542814637, 0.0 ] ] } },
{ "type": "Feature", "properties": { "fid": 700, "handle": 16976, "block": -1, "etype": 17, "space": 0, "layer": "SOMBREADO SUB 04", "olinetype": "ByBlock", "linetype": "", "color": "0,255,0,254", "ocolor": 256, "color24": -1, "transparency": 0, "lweight": -1, "linewidth": 0.0, "ltscale": 5.0, "visible": 1, "thickness": 0.0, "ext": "(3:0,0,1)", "width": null }, "geometry": { "type": "LineString", "coordinates": [ [ -7.519754844391378, 49.788723542814637, 0.0 ], [ -7.519674723761014, 49.788816864650634, 0.0 ] ] } },
{ "type": "Feature", "properties": { "fid": 701, "handle": 16977, "block": -1, "etype": 17, "space": 0, "layer": "SOMBREADO SUB 04", "olinetype": "ByBlock", "linetype": "", "color": "0,255,0,254", "ocolor": 256, "color24": -1, "transparency": 0, "lweight": -1, "linewidth": 0.0, "ltscale": 5.0, "visible": 1, "thickness": 0.0, "ext": "(3:0,0,1)", "width": null }, "geometry": { "type": "LineString", "coordinates": [ [ -7.519674723761014, 49.788816864650634, 0.0 ], [ -7.519776850111131, 49.788847502926664, 0.0 ] ] } },
{ "type": "Feature", "properties": { "fid": 702, "handle": 16978, "block": -1, "etype": 17, "space": 0, "layer": "SOMBREADO SUB 04", "olinetype": "ByBlock", "linetype": "", "color": "0,255,0,254", "ocolor": 256, "color24": -1, "transparency": 0, "lweight": -1, "linewidth": 0.0, "ltscale": 5.0, "visible": 1, "thickness": 0.0, "ext": "(3:0,0,1)", "width": null }, "geometry": { "type": "LineString", "coordinates": [ [ -7.519776850111131, 49.788847502926664, 0.0 ], [ -7.520096425714431, 49.788946899984822, 0.0 ] ] } },
{ "type": "Feature", "properties": { "fid": 703, "handle": 16979, "block": -1, "etype": 17, "space": 0, "layer": "SOMBREADO SUB 04", "olinetype": "ByBlock", "linetype": "", "color": "0,255,0,254", "ocolor": 256, "color24": -1, "transparency": 0, "lweight": -1, "linewidth": 0.0, "ltscale": 5.0, "visible": 1, "thickness": 0.0, "ext": "(3:0,0,1)", "width": null }, "geometry": { "type": "LineString", "coordinates": [ [ -7.520096425714431, 49.788946899984822, 0.0 ], [ -7.52070057940536, 49.789117020486039, 0.0 ] ] } },
{ "type": "Feature", "properties": { "fid": 704, "handle": 16980, "block": -1, "etype": 17, "space": 0, "layer": "SOMBREADO SUB 04", "olinetype": "ByBlock", "linetype": "", "color": "0,255,0,254", "ocolor": 256, "color24": -1, "transparency": 0, "lweight": -1, "linewidth": 0.0, "ltscale": 5.0, "visible": 1, "thickness": 0.0, "ext": "(3:0,0,1)", "width": null }, "geometry": { "type": "LineString", "coordinates": [ [ -7.52070057940536, 49.789117020486039, 0.0 ], [ -7.521243785537733, 49.789267376928258, 0.0 ] ] } },
{ "type": "Feature", "properties": { "fid": 705, "handle": 16981, "block": -1, "etype": 17, "space": 0, "layer": "SOMBREADO SUB 04", "olinetype": "ByBlock", "linetype": "", "color": "0,255,0,254", "ocolor": 256, "color24": -1, "transparency": 0, "lweight": -1, "linewidth": 0.0, "ltscale": 5.0, "visible": 1, "thickness": 0.0, "ext": "(3:0,0,1)", "width": null }, "geometry": { "type": "LineString", "coordinates": [ [ -7.521243785537733, 49.789267376928258, 0.0 ], [ -7.521942361685023, 49.789368226792028, 0.0 ] ] } },
{ "type": "Feature", "properties": { "fid": 706, "handle": 16982, "block": -1, "etype": 17, "space": 0, "layer": "SOMBREADO SUB 04", "olinetype": "ByBlock", "linetype": "", "color": "0,255,0,254", "ocolor": 256, "color24": -1, "transparency": 0, "lweight": -1, "linewidth": 0.0, "ltscale": 5.0, "visible": 1, "thickness": 0.0, "ext": "(3:0,0,1)", "width": null }, "geometry": { "type": "LineString", "coordinates": [ [ -7.521942361685023, 49.789368226792028, 0.0 ], [ -7.522159383257125, 49.789333210293179, 0.0 ] ] } },
{ "type": "Feature", "properties": { "fid": 707, "handle": 16983, "block": -1, "etype": 17, "space": 0, "layer": "SOMBREADO SUB 04", "olinetype": "ByBlock", "linetype": "", "color": "0,255,0,254", "ocolor": 256, "color24": -1, "transparency": 0, "lweight": -1, "linewidth": 0.0, "ltscale": 5.0, "visible": 1, "thickness": 0.0, "ext": "(3:0,0,1)", "width": null }, "geometry": { "type": "LineString", "coordinates": [ [ -7.522159383257125, 49.789333210293179, 0.0 ], [ -7.522425246646267, 49.78925632659908, 0.0 ] ] } },
{ "type": "Feature", "properties": { "fid": 708, "handle": 16984, "block": -1, "etype": 17, "space": 0, "layer": "SOMBREADO SUB 04", "olinetype": "ByBlock", "linetype": "", "color": "0,255,0,254", "ocolor": 256, "color24": -1, "transparency": 0, "lweight": -1, "linewidth": 0.0, "ltscale": 5.0, "visible": 1, "thickness": 0.0, "ext": "(3:0,0,1)", "width": null }, "geometry": { "type": "LineString", "coordinates": [ [ -7.522425246646267, 49.78925632659908, 0.0 ], [ -7.522691650475554, 49.789101466498991, 0.0 ] ] } },
{ "type": "Feature", "properties": { "fid": 709, "handle": 16985, "block": -1, "etype": 17, "space": 0, "layer": "SOMBREADO SUB 04", "olinetype": "ByBlock", "linetype": "", "color": "0,255,0,254", "ocolor": 256, "color24": -1, "transparency": 0, "lweight": -1, "linewidth": 0.0, "ltscale": 5.0, "visible": 1, "thickness": 0.0, "ext": "(3:0,0,1)", "width": null }, "geometry": { "type": "LineString", "coordinates": [ [ -7.522691650475554, 49.789101466498991, 0.0 ], [ -7.522891238946374, 49.788895238459041, 0.0 ] ] } },
{ "type": "Feature", "properties": { "fid": 710, "handle": 16986, "block": -1, "etype": 17, "space": 0, "layer": "SOMBREADO SUB 04", "olinetype": "ByBlock", "linetype": "", "color": "0,255,0,254", "ocolor": 256, "color24": -1, "transparency": 0, "lweight": -1, "linewidth": 0.0, "ltscale": 5.0, "visible": 1, "thickness": 0.0, "ext": "(3:0,0,1)", "width": null }, "geometry": { "type": "LineString", "coordinates": [ [ -7.522891238946374, 49.788895238459041, 0.0 ], [ -7.523170017428458, 49.788690116043341, 0.0 ] ] } },
{ "type": "Feature", "properties": { "fid": 711, "handle": 16987, "block": -1, "etype": 17, "space": 0, "layer": "SOMBREADO SUB 02", "olinetype": "BYLAYER", "linetype": "", "color": "0,0,255,254", "ocolor": 256, "color24": -1, "transparency": 0, "lweight": -1, "linewidth": 0.0, "ltscale": 1.0, "visible": 1, "thickness": 0.0, "ext": "(3:0,0,1)", "width": null }, "geometry": { "type": "LineString", "coordinates": [ [ -7.519876387794317, 49.781647356370208, 0.0 ], [ -7.519876387794317, 49.781647356370208, 0.0 ] ] } },
{ "type": "Feature", "properties": { "fid": 712, "handle": 16988, "block": -1, "etype": 17, "space": 0, "layer": "SOMBREADO SUB 02", "olinetype": "BYLAYER", "linetype": "", "color": "0,0,255,254", "ocolor": 256, "color24": -1, "transparency": 0, "lweight": -1, "linewidth": 0.0, "ltscale": 1.0, "visible": 1, "thickness": 0.0, "ext": "(3:0,0,1)", "width": null }, "geometry": { "type": "LineString", "coordinates": [ [ -7.519876387794317, 49.781647356370208, 0.0 ], [ -7.519736022995821, 49.781530672582356, 0.0 ] ] } },
{ "type": "Feature", "properties": { "fid": 713, "handle": 16989, "block": -1, "etype": 17, "space": 0, "layer": "SOMBREADO SUB 02", "olinetype": "BYLAYER", "linetype": "", "color": "0,0,255,254", "ocolor": 256, "color24": -1, "transparency": 0, "lweight": -1, "linewidth": 0.0, "ltscale": 1.0, "visible": 1, "thickness": 0.0, "ext": "(3:0,0,1)", "width": null }, "geometry": { "type": "LineString", "coordinates": [ [ -7.519736022995821, 49.781530672582356, 0.0 ], [ -7.519788913486519, 49.781327777259605, 0.0 ] ] } },
{ "type": "Feature", "properties": { "fid": 714, "handle": 16990, "block": -1, "etype": 17, "space": 0, "layer": "SOMBREADO SUB 02", "olinetype": "BYLAYER", "linetype": "", "color": "0,0,255,254", "ocolor": 256, "color24": -1, "transparency": 0, "lweight": -1, "linewidth": 0.0, "ltscale": 1.0, "visible": 1, "thickness": 0.0, "ext": "(3:0,0,1)", "width": null }, "geometry": { "type": "LineString", "coordinates": [ [ -7.519788913486519, 49.781327777259605, 0.0 ], [ -7.51920446513491, 49.780538465298243, 0.0 ] ] } },
{ "type": "Feature", "properties": { "fid": 715, "handle": 16991, "block": -1, "etype": 17, "space": 0, "layer": "SOMBREADO SUB 02", "olinetype": "BYLAYER", "linetype": "", "color": "0,0,255,254", "ocolor": 256, "color24": -1, "transparency": 0, "lweight": -1, "linewidth": 0.0, "ltscale": 1.0, "visible": 1, "thickness": 0.0, "ext": "(3:0,0,1)", "width": null }, "geometry": { "type": "LineString", "coordinates": [ [ -7.51920446513491, 49.780538465298243, 0.0 ], [ -7.518960813140257, 49.780311156408693, 0.0 ] ] } },
{ "type": "Feature", "properties": { "fid": 716, "handle": 16992, "block": -1, "etype": 17, "space": 0, "layer": "SOMBREADO SUB 02", "olinetype": "BYLAYER", "linetype": "", "color": "0,0,255,254", "ocolor": 256, "color24": -1, "transparency": 0, "lweight": -1, "linewidth": 0.0, "ltscale": 1.0, "visible": 1, "thickness": 0.0, "ext": "(3:0,0,1)", "width": null }, "geometry": { "type": "LineString", "coordinates": [ [ -7.518960813140257, 49.780311156408693, 0.0 ], [ -7.518638602756225, 49.779865757630049, 0.0 ] ] } },
{ "type": "Feature", "properties": { "fid": 717, "handle": 16993, "block": -1, "etype": 17, "space": 0, "layer": "SOMBREADO SUB 02", "olinetype": "BYLAYER", "linetype": "", "color": "0,0,255,254", "ocolor": 256, "color24": -1, "transparency": 0, "lweight": -1, "linewidth": 0.0, "ltscale": 1.0, "visible": 1, "thickness": 0.0, "ext": "(3:0,0,1)", "width": null }, "geometry": { "type": "LineString", "coordinates": [ [ -7.518638602756225, 49.779865757630049, 0.0 ], [ -7.518416356968252, 49.779931519859588, 0.0 ] ] } },
{ "type": "Feature", "properties": { "fid": 718, "handle": 16994, "block": -1, "etype": 17, "space": 0, "layer": "SOMBREADO SUB 02", "olinetype": "BYLAYER", "linetype": "", "color": "0,0,255,254", "ocolor": 256, "color24": -1, "transparency": 0, "lweight": -1, "linewidth": 0.0, "ltscale": 1.0, "visible": 1, "thickness": 0.0, "ext": "(3:0,0,1)", "width": null }, "geometry": { "type": "LineString", "coordinates": [ [ -7.518416356968252, 49.779931519859588, 0.0 ], [ -7.51817018232416, 49.779943302678305, 0.0 ] ] } },
{ "type": "Feature", "properties": { "fid": 719, "handle": 16995, "block": -1, "etype": 17, "space": 0, "layer": "SOMBREADO SUB 02", "olinetype": "BYLAYER", "linetype": "", "color": "0,0,255,254", "ocolor": 256, "color24": -1, "transparency": 0, "lweight": -1, "linewidth": 0.0, "ltscale": 1.0, "visible": 1, "thickness": 0.0, "ext": "(3:0,0,1)", "width": null }, "geometry": { "type": "LineString", "coordinates": [ [ -7.51817018232416, 49.779943302678305, 0.0 ], [ -7.516994726256677, 49.780277598870939, 0.0 ] ] } },
{ "type": "Feature", "properties": { "fid": 720, "handle": 16996, "block": -1, "etype": 17, "space": 0, "layer": "SOMBREADO SUB 02", "olinetype": "BYLAYER", "linetype": "", "color": "0,0,255,254", "ocolor": 256, "color24": -1, "transparency": 0, "lweight": -1, "linewidth": 0.0, "ltscale": 1.0, "visible": 1, "thickness": 0.0, "ext": "(3:0,0,1)", "width": null }, "geometry": { "type": "LineString", "coordinates": [ [ -7.516994726256677, 49.780277598870939, 0.0 ], [ -7.516439142599035, 49.780450961233164, 0.0 ] ] } },
{ "type": "Feature", "properties": { "fid": 721, "handle": 16997, "block": -1, "etype": 17, "space": 0, "layer": "SOMBREADO SUB 02", "olinetype": "BYLAYER", "linetype": "", "color": "0,0,255,254", "ocolor": 256, "color24": -1, "transparency": 0, "lweight": -1, "linewidth": 0.0, "ltscale": 1.0, "visible": 1, "thickness": 0.0, "ext": "(3:0,0,1)", "width": null }, "geometry": { "type": "LineString", "coordinates": [ [ -7.516439142599035, 49.780450961233164, 0.0 ], [ -7.514604236684837, 49.78100989353468, 0.0 ] ] } },
{ "type": "Feature", "properties": { "fid": 722, "handle": 16998, "block": -1, "etype": 17, "space": 0, "layer": "SOMBREADO SUB 02", "olinetype": "BYLAYER", "linetype": "", "color": "0,0,255,254", "ocolor": 256, "color24": -1, "transparency": 0, "lweight": -1, "linewidth": 0.0, "ltscale": 1.0, "visible": 1, "thickness": 0.0, "ext": "(3:0,0,1)", "width": null }, "geometry": { "type": "LineString", "coordinates": [ [ -7.514604236684837, 49.78100989353468, 0.0 ], [ -7.514526604979321, 49.781462345169054, 0.0 ] ] } },
{ "type": "Feature", "properties": { "fid": 723, "handle": 16999, "block": -1, "etype": 17, "space": 0, "layer": "SOMBREADO SUB 02", "olinetype": "BYLAYER", "linetype": "", "color": "0,0,255,254", "ocolor": 256, "color24": -1, "transparency": 0, "lweight": -1, "linewidth": 0.0, "ltscale": 1.0, "visible": 1, "thickness": 0.0, "ext": "(3:0,0,1)", "width": null }, "geometry": { "type": "LineString", "coordinates": [ [ -7.514526604979321, 49.781462345169054, 0.0 ], [ -7.514270980553912, 49.782275743837793, 0.0 ] ] } },
{ "type": "Feature", "properties": { "fid": 724, "handle": 17000, "block": -1, "etype": 17, "space": 0, "layer": "SOMBREADO SUB 02", "olinetype": "BYLAYER", "linetype": "", "color": "0,0,255,254", "ocolor": 256, "color24": -1, "transparency": 0, "lweight": -1, "linewidth": 0.0, "ltscale": 1.0, "visible": 1, "thickness": 0.0, "ext": "(3:0,0,1)", "width": null }, "geometry": { "type": "LineString", "coordinates": [ [ -7.514270980553912, 49.782275743837793, 0.0 ], [ -7.514282097300562, 49.782448462942057, 0.0 ] ] } },
{ "type": "Feature", "properties": { "fid": 725, "handle": 17001, "block": -1, "etype": 17, "space": 0, "layer": "SOMBREADO SUB 02", "olinetype": "BYLAYER", "linetype": "", "color": "0,0,255,254", "ocolor": 256, "color24": -1, "transparency": 0, "lweight": -1, "linewidth": 0.0, "ltscale": 1.0, "visible": 1, "thickness": 0.0, "ext": "(3:0,0,1)", "width": null }, "geometry": { "type": "LineString", "coordinates": [ [ -7.514282097300562, 49.782448462942057, 0.0 ], [ -7.514104431594824, 49.782659177116457, 0.0 ] ] } },
{ "type": "Feature", "properties": { "fid": 726, "handle": 17002, "block": -1, "etype": 17, "space": 0, "layer": "SOMBREADO SUB 02", "olinetype": "BYLAYER", "linetype": "", "color": "0,0,255,254", "ocolor": 256, "color24": -1, "transparency": 0, "lweight": -1, "linewidth": 0.0, "ltscale": 1.0, "visible": 1, "thickness": 0.0, "ext": "(3:0,0,1)", "width": null }, "geometry": { "type": "LineString", "coordinates": [ [ -7.514104431594824, 49.782659177116457, 0.0 ], [ -7.513535966597891, 49.783082048900823, 0.0 ] ] } },
{ "type": "Feature", "properties": { "fid": 727, "handle": 17003, "block": -1, "etype": 17, "space": 0, "layer": "SOMBREADO SUB 02", "olinetype": "BYLAYER", "linetype": "", "color": "0,0,255,254", "ocolor": 256, "color24": -1, "transparency": 0, "lweight": -1, "linewidth": 0.0, "ltscale": 1.0, "visible": 1, "thickness": 0.0, "ext": "(3:0,0,1)", "width": null }, "geometry": { "type": "LineString", "coordinates": [ [ -7.513535966597891, 49.783082048900823, 0.0 ], [ -7.513257289481532, 49.783374124860032, 0.0 ] ] } },
{ "type": "Feature", "properties": { "fid": 728, "handle": 17004, "block": -1, "etype": 17, "space": 0, "layer": "SOMBREADO SUB 02", "olinetype": "BYLAYER", "linetype": "", "color": "0,0,255,254", "ocolor": 256, "color24": -1, "transparency": 0, "lweight": -1, "linewidth": 0.0, "ltscale": 1.0, "visible": 1, "thickness": 0.0, "ext": "(3:0,0,1)", "width": null }, "geometry": { "type": "LineString", "coordinates": [ [ -7.513257289481532, 49.783374124860032, 0.0 ], [ -7.515642169074969, 49.783260291443497, 0.0 ] ] } },
{ "type": "Feature", "properties": { "fid": 729, "handle": 17005, "block": -1, "etype": 17, "space": 0, "layer": "SOMBREADO SUB 02", "olinetype": "BYLAYER", "linetype": "", "color": "0,0,255,254", "ocolor": 256, "color24": -1, "transparency": 0, "lweight": -1, "linewidth": 0.0, "ltscale": 1.0, "visible": 1, "thickness": 0.0, "ext": "(3:0,0,1)", "width": null }, "geometry": { "type": "LineString", "coordinates": [ [ -7.515642169074969, 49.783260291443497, 0.0 ], [ -7.515618577180168, 49.78305313099078, 0.0 ] ] } },
{ "type": "Feature", "properties": { "fid": 730, "handle": 17006, "block": -1, "etype": 17, "space": 0, "layer": "SOMBREADO SUB 02", "olinetype": "BYLAYER", "linetype": "", "color": "0,0,255,254", "ocolor": 256, "color24": -1, "transparency": 0, "lweight": -1, "linewidth": 0.0, "ltscale": 1.0, "visible": 1, "thickness": 0.0, "ext": "(3:0,0,1)", "width": null }, "geometry": { "type": "LineString", "coordinates": [ [ -7.515618577180168, 49.78305313099078, 0.0 ], [ -7.515618577180168, 49.78305313099078, 0.0 ] ] } },
{ "type": "Feature", "properties": { "fid": 731, "handle": 17007, "block": -1, "etype": 17, "space": 0, "layer": "SOMBREADO SUB 02", "olinetype": "BYLAYER", "linetype": "", "color": "0,0,255,254", "ocolor": 256, "color24": -1, "transparency": 0, "lweight": -1, "linewidth": 0.0, "ltscale": 1.0, "visible": 1, "thickness": 0.0, "ext": "(3:0,0,1)", "width": null }, "geometry": { "type": "LineString", "coordinates": [ [ -7.515618577180168, 49.78305313099078, 0.0 ], [ -7.518015239909449, 49.782936584603242, 0.0 ] ] } },
{ "type": "Feature", "properties": { "fid": 732, "handle": 17008, "block": -1, "etype": 17, "space": 0, "layer": "SOMBREADO SUB 02", "olinetype": "BYLAYER", "linetype": "", "color": "0,0,255,254", "ocolor": 256, "color24": -1, "transparency": 0, "lweight": -1, "linewidth": 0.0, "ltscale": 1.0, "visible": 1, "thickness": 0.0, "ext": "(3:0,0,1)", "width": null }, "geometry": { "type": "LineString", "coordinates": [ [ -7.518015239909449, 49.782936584603242, 0.0 ], [ -7.518486163024318, 49.782714033505989, 0.0 ] ] } },
{ "type": "Feature", "properties": { "fid": 733, "handle": 17009, "block": -1, "etype": 17, "space": 0, "layer": "SOMBREADO SUB 02", "olinetype": "BYLAYER", "linetype": "", "color": "0,0,255,254", "ocolor": 256, "color24": -1, "transparency": 0, "lweight": -1, "linewidth": 0.0, "ltscale": 1.0, "visible": 1, "thickness": 0.0, "ext": "(3:0,0,1)", "width": null }, "geometry": { "type": "LineString", "coordinates": [ [ -7.518486163024318, 49.782714033505989, 0.0 ], [ -7.518408758016947, 49.782034671143869, 0.0 ] ] } },
{ "type": "Feature", "properties": { "fid": 734, "handle": 17010, "block": -1, "etype": 17, "space": 0, "layer": "SOMBREADO SUB 02", "olinetype": "BYLAYER", "linetype": "", "color": "0,0,255,254", "ocolor": 256, "color24": -1, "transparency": 0, "lweight": -1, "linewidth": 0.0, "ltscale": 1.0, "visible": 1, "thickness": 0.0, "ext": "(3:0,0,1)", "width": null }, "geometry": { "type": "LineString", "coordinates": [ [ -7.518408758016947, 49.782034671143869, 0.0 ], [ -7.519683133220637, 49.781801347100711, 0.0 ] ] } },
{ "type": "Feature", "properties": { "fid": 735, "handle": 17011, "block": -1, "etype": 17, "space": 0, "layer": "SOMBREADO SUB 02", "olinetype": "BYLAYER", "linetype": "", "color": "0,0,255,254", "ocolor": 256, "color24": -1, "transparency": 0, "lweight": -1, "linewidth": 0.0, "ltscale": 1.0, "visible": 1, "thickness": 0.0, "ext": "(3:0,0,1)", "width": null }, "geometry": { "type": "LineString", "coordinates": [ [ -7.519683133220637, 49.781801347100711, 0.0 ], [ -7.519876387794317, 49.781647356370208, 0.0 ] ] } },
{ "type": "Feature", "properties": { "fid": 736, "handle": 17012, "block": -1, "etype": 17, "space": 0, "layer": "SOMBREADO SUB 01", "olinetype": "BYLAYER", "linetype": "", "color": "255,0,0,254", "ocolor": 256, "color24": -1, "transparency": 0, "lweight": -1, "linewidth": 0.0, "ltscale": 1.0, "visible": 1, "thickness": 0.0, "ext": "(3:0,0,1)", "width": null }, "geometry": { "type": "LineString", "coordinates": [ [ -7.514710537552821, 49.785520610184207, 0.0 ], [ -7.514920721060196, 49.785597499474619, 0.0 ] ] } },
{ "type": "Feature", "properties": { "fid": 737, "handle": 17013, "block": -1, "etype": 17, "space": 0, "layer": "SOMBREADO SUB 01", "olinetype": "BYLAYER", "linetype": "", "color": "255,0,0,254", "ocolor": 256, "color24": -1, "transparency": 0, "lweight": -1, "linewidth": 0.0, "ltscale": 1.0, "visible": 1, "thickness": 0.0, "ext": "(3:0,0,1)", "width": null }, "geometry": { "type": "LineString", "coordinates": [ [ -7.514920721060196, 49.785597499474619, 0.0 ], [ -7.515074585482156, 49.784943276146663, 0.0 ] ] } },
{ "type": "Feature", "properties": { "fid": 738, "handle": 17014, "block": -1, "etype": 17, "space": 0, "layer": "SOMBREADO SUB 01", "olinetype": "BYLAYER", "linetype": "", "color": "255,0,0,254", "ocolor": 256, "color24": -1, "transparency": 0, "lweight": -1, "linewidth": 0.0, "ltscale": 1.0, "visible": 1, "thickness": 0.0, "ext": "(3:0,0,1)", "width": null }, "geometry": { "type": "LineString", "coordinates": [ [ -7.515074585482156, 49.784943276146663, 0.0 ], [ -7.517354697505829, 49.784833002183078, 0.0 ] ] } },
{ "type": "Feature", "properties": { "fid": 739, "handle": 17015, "block": -1, "etype": 17, "space": 0, "layer": "SOMBREADO SUB 01", "olinetype": "BYLAYER", "linetype": "", "color": "255,0,0,254", "ocolor": 256, "color24": -1, "transparency": 0, "lweight": -1, "linewidth": 0.0, "ltscale": 1.0, "visible": 1, "thickness": 0.0, "ext": "(3:0,0,1)", "width": null }, "geometry": { "type": "LineString", "coordinates": [ [ -7.517354697505829, 49.784833002183078, 0.0 ], [ -7.517347069991018, 49.784766049450326, 0.0 ] ] } },
{ "type": "Feature", "properties": { "fid": 740, "handle": 17016, "block": -1, "etype": 17, "space": 0, "layer": "SOMBREADO SUB 01", "olinetype": "BYLAYER", "linetype": "", "color": "255,0,0,254", "ocolor": 256, "color24": -1, "transparency": 0, "lweight": -1, "linewidth": 0.0, "ltscale": 1.0, "visible": 1, "thickness": 0.0, "ext": "(3:0,0,1)", "width": null }, "geometry": { "type": "LineString", "coordinates": [ [ -7.517347069991018, 49.784766049450326, 0.0 ], [ -7.519601747527064, 49.784658352141136, 0.0 ] ] } },
{ "type": "Feature", "properties": { "fid": 741, "handle": 17017, "block": -1, "etype": 17, "space": 0, "layer": "SOMBREADO SUB 01", "olinetype": "BYLAYER", "linetype": "", "color": "255,0,0,254", "ocolor": 256, "color24": -1, "transparency": 0, "lweight": -1, "linewidth": 0.0, "ltscale": 1.0, "visible": 1, "thickness": 0.0, "ext": "(3:0,0,1)", "width": null }, "geometry": { "type": "LineString", "coordinates": [ [ -7.519601747527064, 49.784658352141136, 0.0 ], [ -7.519725694337362, 49.784648721182847, 0.0 ] ] } },
{ "type": "Feature", "properties": { "fid": 742, "handle": 17018, "block": -1, "etype": 17, "space": 0, "layer": "SOMBREADO SUB 01", "olinetype": "BYLAYER", "linetype": "", "color": "255,0,0,254", "ocolor": 256, "color24": -1, "transparency": 0, "lweight": -1, "linewidth": 0.0, "ltscale": 1.0, "visible": 1, "thickness": 0.0, "ext": "(3:0,0,1)", "width": null }, "geometry": { "type": "LineString", "coordinates": [ [ -7.519725694337362, 49.784648721182847, 0.0 ], [ -7.519733436685576, 49.784641275916243, 0.0 ] ] } },
{ "type": "Feature", "properties": { "fid": 743, "handle": 17019, "block": -1, "etype": 17, "space": 0, "layer": "SOMBREADO SUB 01", "olinetype": "BYLAYER", "linetype": "", "color": "255,0,0,254", "ocolor": 256, "color24": -1, "transparency": 0, "lweight": -1, "linewidth": 0.0, "ltscale": 1.0, "visible": 1, "thickness": 0.0, "ext": "(3:0,0,1)", "width": null }, "geometry": { "type": "LineString", "coordinates": [ [ -7.519733436685576, 49.784641275916243, 0.0 ], [ -7.519833532762865, 49.784546487831356, 0.0 ] ] } },
{ "type": "Feature", "properties": { "fid": 744, "handle": 17020, "block": -1, "etype": 17, "space": 0, "layer": "SOMBREADO SUB 01", "olinetype": "BYLAYER", "linetype": "", "color": "255,0,0,254", "ocolor": 256, "color24": -1, "transparency": 0, "lweight": -1, "linewidth": 0.0, "ltscale": 1.0, "visible": 1, "thickness": 0.0, "ext": "(3:0,0,1)", "width": null }, "geometry": { "type": "LineString", "coordinates": [ [ -7.519833532762865, 49.784546487831356, 0.0 ], [ -7.519776423664832, 49.784373596543297, 0.0 ] ] } },
{ "type": "Feature", "properties": { "fid": 745, "handle": 17021, "block": -1, "etype": 17, "space": 0, "layer": "SOMBREADO SUB 01", "olinetype": "BYLAYER", "linetype": "", "color": "255,0,0,254", "ocolor": 256, "color24": -1, "transparency": 0, "lweight": -1, "linewidth": 0.0, "ltscale": 1.0, "visible": 1, "thickness": 0.0, "ext": "(3:0,0,1)", "width": null }, "geometry": { "type": "LineString", "coordinates": [ [ -7.519776423664832, 49.784373596543297, 0.0 ], [ -7.519660443741089, 49.784252589731786, 0.0 ] ] } },
{ "type": "Feature", "properties": { "fid": 746, "handle": 17022, "block": -1, "etype": 17, "space": 0, "layer": "SOMBREADO SUB 01", "olinetype": "BYLAYER", "linetype": "", "color": "255,0,0,254", "ocolor": 256, "color24": -1, "transparency": 0, "lweight": -1, "linewidth": 0.0, "ltscale": 1.0, "visible": 1, "thickness": 0.0, "ext": "(3:0,0,1)", "width": null }, "geometry": { "type": "LineString", "coordinates": [ [ -7.519660443741089, 49.784252589731786, 0.0 ], [ -7.519622728966736, 49.784173847479657, 0.0 ] ] } },
{ "type": "Feature", "properties": { "fid": 747, "handle": 17023, "block": -1, "etype": 17, "space": 0, "layer": "SOMBREADO SUB 01", "olinetype": "BYLAYER", "linetype": "", "color": "255,0,0,254", "ocolor": 256, "color24": -1, "transparency": 0, "lweight": -1, "linewidth": 0.0, "ltscale": 1.0, "visible": 1, "thickness": 0.0, "ext": "(3:0,0,1)", "width": null }, "geometry": { "type": "LineString", "coordinates": [ [ -7.519622728966736, 49.784173847479657, 0.0 ], [ -7.519655009962331, 49.78403679413573, 0.0 ] ] } },
{ "type": "Feature", "properties": { "fid": 748, "handle": 17024, "block": -1, "etype": 17, "space": 0, "layer": "SOMBREADO SUB 01", "olinetype": "BYLAYER", "linetype": "", "color": "255,0,0,254", "ocolor": 256, "color24": -1, "transparency": 0, "lweight": -1, "linewidth": 0.0, "ltscale": 1.0, "visible": 1, "thickness": 0.0, "ext": "(3:0,0,1)", "width": null }, "geometry": { "type": "LineString", "coordinates": [ [ -7.519655009962331, 49.78403679413573, 0.0 ], [ -7.519655557897842, 49.7839295232124, 0.0 ] ] } },
{ "type": "Feature", "properties": { "fid": 749, "handle": 17025, "block": -1, "etype": 17, "space": 0, "layer": "SOMBREADO SUB 01", "olinetype": "BYLAYER", "linetype": "", "color": "255,0,0,254", "ocolor": 256, "color24": -1, "transparency": 0, "lweight": -1, "linewidth": 0.0, "ltscale": 1.0, "visible": 1, "thickness": 0.0, "ext": "(3:0,0,1)", "width": null }, "geometry": { "type": "LineString", "coordinates": [ [ -7.519655557897842, 49.7839295232124, 0.0 ], [ -7.519735749665743, 49.783595399456672, 0.0 ] ] } },
{ "type": "Feature", "properties": { "fid": 750, "handle": 17026, "block": -1, "etype": 17, "space": 0, "layer": "SOMBREADO SUB 01", "olinetype": "BYLAYER", "linetype": "", "color": "255,0,0,254", "ocolor": 256, "color24": -1, "transparency": 0, "lweight": -1, "linewidth": 0.0, "ltscale": 1.0, "visible": 1, "thickness": 0.0, "ext": "(3:0,0,1)", "width": null }, "geometry": { "type": "LineString", "coordinates": [ [ -7.519735749665743, 49.783595399456672, 0.0 ], [ -7.519826398185471, 49.783213966840535, 0.0 ] ] } },
{ "type": "Feature", "properties": { "fid": 751, "handle": 17027, "block": -1, "etype": 17, "space": 0, "layer": "SOMBREADO SUB 01", "olinetype": "BYLAYER", "linetype": "", "color": "255,0,0,254", "ocolor": 256, "color24": -1, "transparency": 0, "lweight": -1, "linewidth": 0.0, "ltscale": 1.0, "visible": 1, "thickness": 0.0, "ext": "(3:0,0,1)", "width": null }, "geometry": { "type": "LineString", "coordinates": [ [ -7.519826398185471, 49.783213966840535, 0.0 ], [ -7.519942139306033, 49.782656748713727, 0.0 ] ] } },
{ "type": "Feature", "properties": { "fid": 752, "handle": 17028, "block": -1, "etype": 17, "space": 0, "layer": "SOMBREADO SUB 01", "olinetype": "BYLAYER", "linetype": "", "color": "255,0,0,254", "ocolor": 256, "color24": -1, "transparency": 0, "lweight": -1, "linewidth": 0.0, "ltscale": 1.0, "visible": 1, "thickness": 0.0, "ext": "(3:0,0,1)", "width": null }, "geometry": { "type": "LineString", "coordinates": [ [ -7.519942139306033, 49.782656748713727, 0.0 ], [ -7.51991857662637, 49.782039124769376, 0.0 ] ] } },
{ "type": "Feature", "properties": { "fid": 753, "handle": 17029, "block": -1, "etype": 17, "space": 0, "layer": "SOMBREADO SUB 01", "olinetype": "BYLAYER", "linetype": "", "color": "255,0,0,254", "ocolor": 256, "color24": -1, "transparency": 0, "lweight": -1, "linewidth": 0.0, "ltscale": 1.0, "visible": 1, "thickness": 0.0, "ext": "(3:0,0,1)", "width": null }, "geometry": { "type": "LineString", "coordinates": [ [ -7.51991857662637, 49.782039124769376, 0.0 ], [ -7.51980239587727, 49.78195820867581, 0.0 ] ] } },
{ "type": "Feature", "properties": { "fid": 754, "handle": 17030, "block": -1, "etype": 17, "space": 0, "layer": "SOMBREADO SUB 01", "olinetype": "BYLAYER", "linetype": "", "color": "255,0,0,254", "ocolor": 256, "color24": -1, "transparency": 0, "lweight": -1, "linewidth": 0.0, "ltscale": 1.0, "visible": 1, "thickness": 0.0, "ext": "(3:0,0,1)", "width": null }, "geometry": { "type": "LineString", "coordinates": [ [ -7.51980239587727, 49.78195820867581, 0.0 ], [ -7.519579923164021, 49.781967892124101, 0.0 ] ] } },
{ "type": "Feature", "properties": { "fid": 755, "handle": 17031, "block": -1, "etype": 17, "space": 0, "layer": "SOMBREADO SUB 01", "olinetype": "BYLAYER", "linetype": "", "color": "255,0,0,254", "ocolor": 256, "color24": -1, "transparency": 0, "lweight": -1, "linewidth": 0.0, "ltscale": 1.0, "visible": 1, "thickness": 0.0, "ext": "(3:0,0,1)", "width": null }, "geometry": { "type": "LineString", "coordinates": [ [ -7.519579923164021, 49.781967892124101, 0.0 ], [ -7.518998914671381, 49.782215723005315, 0.0 ] ] } },
{ "type": "Feature", "properties": { "fid": 756, "handle": 17032, "block": -1, "etype": 17, "space": 0, "layer": "SOMBREADO SUB 01", "olinetype": "BYLAYER", "linetype": "", "color": "255,0,0,254", "ocolor": 256, "color24": -1, "transparency": 0, "lweight": -1, "linewidth": 0.0, "ltscale": 1.0, "visible": 1, "thickness": 0.0, "ext": "(3:0,0,1)", "width": null }, "geometry": { "type": "LineString", "coordinates": [ [ -7.518998914671381, 49.782215723005315, 0.0 ], [ -7.518790653399689, 49.782588999150413, 0.0 ] ] } },
{ "type": "Feature", "properties": { "fid": 757, "handle": 17033, "block": -1, "etype": 17, "space": 0, "layer": "SOMBREADO SUB 01", "olinetype": "BYLAYER", "linetype": "", "color": "255,0,0,254", "ocolor": 256, "color24": -1, "transparency": 0, "lweight": -1, "linewidth": 0.0, "ltscale": 1.0, "visible": 1, "thickness": 0.0, "ext": "(3:0,0,1)", "width": null }, "geometry": { "type": "LineString", "coordinates": [ [ -7.518790653399689, 49.782588999150413, 0.0 ], [ -7.518017492422749, 49.782956355437555, 0.0 ] ] } },
{ "type": "Feature", "properties": { "fid": 758, "handle": 17034, "block": -1, "etype": 17, "space": 0, "layer": "SOMBREADO SUB 01", "olinetype": "BYLAYER", "linetype": "", "color": "255,0,0,254", "ocolor": 256, "color24": -1, "transparency": 0, "lweight": -1, "linewidth": 0.0, "ltscale": 1.0, "visible": 1, "thickness": 0.0, "ext": "(3:0,0,1)", "width": null }, "geometry": { "type": "LineString", "coordinates": [ [ -7.518017492422749, 49.782956355437555, 0.0 ], [ -7.515641595099151, 49.783071501635249, 0.0 ] ] } },
{ "type": "Feature", "properties": { "fid": 759, "handle": 17035, "block": -1, "etype": 17, "space": 0, "layer": "SOMBREADO SUB 01", "olinetype": "BYLAYER", "linetype": "", "color": "255,0,0,254", "ocolor": 256, "color24": -1, "transparency": 0, "lweight": -1, "linewidth": 0.0, "ltscale": 1.0, "visible": 1, "thickness": 0.0, "ext": "(3:0,0,1)", "width": null }, "geometry": { "type": "LineString", "coordinates": [ [ -7.515641595099151, 49.783071501635249, 0.0 ], [ -7.515641595099151, 49.783071501635249, 0.0 ] ] } },
{ "type": "Feature", "properties": { "fid": 760, "handle": 17036, "block": -1, "etype": 17, "space": 0, "layer": "SOMBREADO SUB 01", "olinetype": "BYLAYER", "linetype": "", "color": "255,0,0,254", "ocolor": 256, "color24": -1, "transparency": 0, "lweight": -1, "linewidth": 0.0, "ltscale": 1.0, "visible": 1, "thickness": 0.0, "ext": "(3:0,0,1)", "width": null }, "geometry": { "type": "LineString", "coordinates": [ [ -7.515641595099151, 49.783071501635249, 0.0 ], [ -7.51566666072443, 49.783273932965344, 0.0 ] ] } },
{ "type": "Feature", "properties": { "fid": 761, "handle": 17037, "block": -1, "etype": 17, "space": 0, "layer": "SOMBREADO SUB 01", "olinetype": "BYLAYER", "linetype": "", "color": "255,0,0,254", "ocolor": 256, "color24": -1, "transparency": 0, "lweight": -1, "linewidth": 0.0, "ltscale": 1.0, "visible": 1, "thickness": 0.0, "ext": "(3:0,0,1)", "width": null }, "geometry": { "type": "LineString", "coordinates": [ [ -7.51566666072443, 49.783273932965344, 0.0 ], [ -7.513205862994761, 49.783391389753035, 0.0 ] ] } },
{ "type": "Feature", "properties": { "fid": 762, "handle": 17038, "block": -1, "etype": 17, "space": 0, "layer": "SOMBREADO SUB 01", "olinetype": "BYLAYER", "linetype": "", "color": "255,0,0,254", "ocolor": 256, "color24": -1, "transparency": 0, "lweight": -1, "linewidth": 0.0, "ltscale": 1.0, "visible": 1, "thickness": 0.0, "ext": "(3:0,0,1)", "width": null }, "geometry": { "type": "LineString", "coordinates": [ [ -7.513205862994761, 49.783391389753035, 0.0 ], [ -7.513168355636519, 49.783808941221487, 0.0 ] ] } },
{ "type": "Feature", "properties": { "fid": 763, "handle": 17039, "block": -1, "etype": 17, "space": 0, "layer": "SOMBREADO SUB 01", "olinetype": "BYLAYER", "linetype": "", "color": "255,0,0,254", "ocolor": 256, "color24": -1, "transparency": 0, "lweight": -1, "linewidth": 0.0, "ltscale": 1.0, "visible": 1, "thickness": 0.0, "ext": "(3:0,0,1)", "width": null }, "geometry": { "type": "LineString", "coordinates": [ [ -7.513168355636519, 49.783808941221487, 0.0 ], [ -7.513064348351478, 49.783918154269472, 0.0 ] ] } },
{ "type": "Feature", "properties": { "fid": 764, "handle": 17040, "block": -1, "etype": 17, "space": 0, "layer": "SOMBREADO SUB 01", "olinetype": "BYLAYER", "linetype": "", "color": "255,0,0,254", "ocolor": 256, "color24": -1, "transparency": 0, "lweight": -1, "linewidth": 0.0, "ltscale": 1.0, "visible": 1, "thickness": 0.0, "ext": "(3:0,0,1)", "width": null }, "geometry": { "type": "LineString", "coordinates": [ [ -7.513064348351478, 49.783918154269472, 0.0 ], [ -7.512730249174519, 49.783934516630652, 0.0 ] ] } },
{ "type": "Feature", "properties": { "fid": 765, "handle": 17041, "block": -1, "etype": 17, "space": 0, "layer": "SOMBREADO SUB 01", "olinetype": "BYLAYER", "linetype": "", "color": "255,0,0,254", "ocolor": 256, "color24": -1, "transparency": 0, "lweight": -1, "linewidth": 0.0, "ltscale": 1.0, "visible": 1, "thickness": 0.0, "ext": "(3:0,0,1)", "width": null }, "geometry": { "type": "LineString", "coordinates": [ [ -7.512730249174519, 49.783934516630652, 0.0 ], [ -7.512670152370721, 49.784212155685537, 0.0 ] ] } },
{ "type": "Feature", "properties": { "fid": 766, "handle": 17042, "block": -1, "etype": 17, "space": 0, "layer": "SOMBREADO SUB 01", "olinetype": "BYLAYER", "linetype": "", "color": "255,0,0,254", "ocolor": 256, "color24": -1, "transparency": 0, "lweight": -1, "linewidth": 0.0, "ltscale": 1.0, "visible": 1, "thickness": 0.0, "ext": "(3:0,0,1)", "width": null }, "geometry": { "type": "LineString", "coordinates": [ [ -7.512670152370721, 49.784212155685537, 0.0 ], [ -7.512737178613843, 49.784290198516111, 0.0 ] ] } },
{ "type": "Feature", "properties": { "fid": 767, "handle": 17043, "block": -1, "etype": 17, "space": 0, "layer": "SOMBREADO SUB 01", "olinetype": "BYLAYER", "linetype": "", "color": "255,0,0,254", "ocolor": 256, "color24": -1, "transparency": 0, "lweight": -1, "linewidth": 0.0, "ltscale": 1.0, "visible": 1, "thickness": 0.0, "ext": "(3:0,0,1)", "width": null }, "geometry": { "type": "LineString", "coordinates": [ [ -7.512737178613843, 49.784290198516111, 0.0 ], [ -7.513220535317349, 49.784597680074732, 0.0 ] ] } },
{ "type": "Feature", "properties": { "fid": 768, "handle": 17044, "block": -1, "etype": 17, "space": 0, "layer": "SOMBREADO SUB 01", "olinetype": "BYLAYER", "linetype": "", "color": "255,0,0,254", "ocolor": 256, "color24": -1, "transparency": 0, "lweight": -1, "linewidth": 0.0, "ltscale": 1.0, "visible": 1, "thickness": 0.0, "ext": "(3:0,0,1)", "width": null }, "geometry": { "type": "LineString", "coordinates": [ [ -7.513220535317349, 49.784597680074732, 0.0 ], [ -7.513556206190161, 49.784644243731584, 0.0 ] ] } },
{ "type": "Feature", "properties": { "fid": 769, "handle": 17045, "block": -1, "etype": 17, "space": 0, "layer": "SOMBREADO SUB 01", "olinetype": "BYLAYER", "linetype": "", "color": "255,0,0,254", "ocolor": 256, "color24": -1, "transparency": 0, "lweight": -1, "linewidth": 0.0, "ltscale": 1.0, "visible": 1, "thickness": 0.0, "ext": "(3:0,0,1)", "width": null }, "geometry": { "type": "LineString", "coordinates": [ [ -7.513556206190161, 49.784644243731584, 0.0 ], [ -7.514055394423918, 49.785075665459544, 0.0 ] ] } },
{ "type": "Feature", "properties": { "fid": 770, "handle": 17046, "block": -1, "etype": 17, "space": 0, "layer": "SOMBREADO SUB 01", "olinetype": "BYLAYER", "linetype": "", "color": "255,0,0,254", "ocolor": 256, "color24": -1, "transparency": 0, "lweight": -1, "linewidth": 0.0, "ltscale": 1.0, "visible": 1, "thickness": 0.0, "ext": "(3:0,0,1)", "width": null }, "geometry": { "type": "LineString", "coordinates": [ [ -7.514055394423918, 49.785075665459544, 0.0 ], [ -7.514383704918211, 49.785271236361666, 0.0 ] ] } },
{ "type": "Feature", "properties": { "fid": 771, "handle": 17047, "block": -1, "etype": 17, "space": 0, "layer": "SOMBREADO SUB 01", "olinetype": "BYLAYER", "linetype": "", "color": "255,0,0,254", "ocolor": 256, "color24": -1, "transparency": 0, "lweight": -1, "linewidth": 0.0, "ltscale": 1.0, "visible": 1, "thickness": 0.0, "ext": "(3:0,0,1)", "width": null }, "geometry": { "type": "LineString", "coordinates": [ [ -7.514383704918211, 49.785271236361666, 0.0 ], [ -7.514710537552821, 49.785520610184207, 0.0 ] ] } },
{ "type": "Feature", "properties": { "fid": 772, "handle": 17048, "block": -1, "etype": 17, "space": 0, "layer": "SOMBREADO SUB 05", "olinetype": "ByBlock", "linetype": "", "color": "0,191,255,254", "ocolor": 256, "color24": -1, "transparency": 0, "lweight": -1, "linewidth": 0.0, "ltscale": 10.0, "visible": 1, "thickness": 0.0, "ext": "(3:0,0,1)", "width": null }, "geometry": { "type": "LineString", "coordinates": [ [ -7.528036740457934, 49.784625765123785, 0.0 ], [ -7.525284113846151, 49.78474461733736, 0.0 ] ] } },
{ "type": "Feature", "properties": { "fid": 773, "handle": 17049, "block": -1, "etype": 17, "space": 0, "layer": "SOMBREADO SUB 05", "olinetype": "ByBlock", "linetype": "", "color": "0,191,255,254", "ocolor": 256, "color24": -1, "transparency": 0, "lweight": -1, "linewidth": 0.0, "ltscale": 10.0, "visible": 1, "thickness": 0.0, "ext": "(3:0,0,1)", "width": null }, "geometry": { "type": "LineString", "coordinates": [ [ -7.525284113846151, 49.78474461733736, 0.0 ], [ -7.525410433734304, 49.784332471280379, 0.0 ] ] } },
{ "type": "Feature", "properties": { "fid": 774, "handle": 17050, "block": -1, "etype": 17, "space": 0, "layer": "SOMBREADO SUB 05", "olinetype": "ByBlock", "linetype": "", "color": "0,191,255,254", "ocolor": 256, "color24": -1, "transparency": 0, "lweight": -1, "linewidth": 0.0, "ltscale": 10.0, "visible": 1, "thickness": 0.0, "ext": "(3:0,0,1)", "width": null }, "geometry": { "type": "LineString", "coordinates": [ [ -7.525410433734304, 49.784332471280379, 0.0 ], [ -7.525573885583312, 49.784013502656009, 0.0 ] ] } },
{ "type": "Feature", "properties": { "fid": 775, "handle": 17051, "block": -1, "etype": 17, "space": 0, "layer": "SOMBREADO SUB 05", "olinetype": "ByBlock", "linetype": "", "color": "0,191,255,254", "ocolor": 256, "color24": -1, "transparency": 0, "lweight": -1, "linewidth": 0.0, "ltscale": 10.0, "visible": 1, "thickness": 0.0, "ext": "(3:0,0,1)", "width": null }, "geometry": { "type": "LineString", "coordinates": [ [ -7.525573885583312, 49.784013502656009, 0.0 ], [ -7.525418473064391, 49.782651279844046, 0.0 ] ] } },
{ "type": "Feature", "properties": { "fid": 776, "handle": 17052, "block": -1, "etype": 17, "space": 0, "layer": "SOMBREADO SUB 05", "olinetype": "ByBlock", "linetype": "", "color": "0,191,255,254", "ocolor": 256, "color24": -1, "transparency": 0, "lweight": -1, "linewidth": 0.0, "ltscale": 10.0, "visible": 1, "thickness": 0.0, "ext": "(3:0,0,1)", "width": null }, "geometry": { "type": "LineString", "coordinates": [ [ -7.525418473064391, 49.782651279844046, 0.0 ], [ -7.525227125387935, 49.782229165503452, 0.0 ] ] } },
{ "type": "Feature", "properties": { "fid": 777, "handle": 17053, "block": -1, "etype": 17, "space": 0, "layer": "SOMBREADO SUB 05", "olinetype": "ByBlock", "linetype": "", "color": "0,191,255,254", "ocolor": 256, "color24": -1, "transparency": 0, "lweight": -1, "linewidth": 0.0, "ltscale": 10.0, "visible": 1, "thickness": 0.0, "ext": "(3:0,0,1)", "width": null }, "geometry": { "type": "LineString", "coordinates": [ [ -7.525227125387935, 49.782229165503452, 0.0 ], [ -7.525155172111945, 49.782174181216824, 0.0 ] ] } },
{ "type": "Feature", "properties": { "fid": 778, "handle": 17054, "block": -1, "etype": 17, "space": 0, "layer": "SOMBREADO SUB 05", "olinetype": "ByBlock", "linetype": "", "color": "0,191,255,254", "ocolor": 256, "color24": -1, "transparency": 0, "lweight": -1, "linewidth": 0.0, "ltscale": 10.0, "visible": 1, "thickness": 0.0, "ext": "(3:0,0,1)", "width": null }, "geometry": { "type": "LineString", "coordinates": [ [ -7.525155172111945, 49.782174181216824, 0.0 ], [ -7.524611108159629, 49.78128874691653, 0.0 ] ] } },
{ "type": "Feature", "properties": { "fid": 779, "handle": 17055, "block": -1, "etype": 17, "space": 0, "layer": "SOMBREADO SUB 05", "olinetype": "ByBlock", "linetype": "", "color": "0,191,255,254", "ocolor": 256, "color24": -1, "transparency": 0, "lweight": -1, "linewidth": 0.0, "ltscale": 10.0, "visible": 1, "thickness": 0.0, "ext": "(3:0,0,1)", "width": null }, "geometry": { "type": "LineString", "coordinates": [ [ -7.524611108159629, 49.78128874691653, 0.0 ], [ -7.524796603942399, 49.781249416070658, 0.0 ] ] } },
{ "type": "Feature", "properties": { "fid": 780, "handle": 17056, "block": -1, "etype": 17, "space": 0, "layer": "SOMBREADO SUB 05", "olinetype": "ByBlock", "linetype": "", "color": "0,191,255,254", "ocolor": 256, "color24": -1, "transparency": 0, "lweight": -1, "linewidth": 0.0, "ltscale": 10.0, "visible": 1, "thickness": 0.0, "ext": "(3:0,0,1)", "width": null }, "geometry": { "type": "LineString", "coordinates": [ [ -7.524796603942399, 49.781249416070658, 0.0 ], [ -7.524966094850774, 49.781248781923018, 0.0 ] ] } },
{ "type": "Feature", "properties": { "fid": 781, "handle": 17057, "block": -1, "etype": 17, "space": 0, "layer": "SOMBREADO SUB 05", "olinetype": "ByBlock", "linetype": "", "color": "0,191,255,254", "ocolor": 256, "color24": -1, "transparency": 0, "lweight": -1, "linewidth": 0.0, "ltscale": 10.0, "visible": 1, "thickness": 0.0, "ext": "(3:0,0,1)", "width": null }, "geometry": { "type": "LineString", "coordinates": [ [ -7.524966094850774, 49.781248781923018, 0.0 ], [ -7.525055639674636, 49.781224384149127, 0.0 ] ] } },
{ "type": "Feature", "properties": { "fid": 782, "handle": 17058, "block": -1, "etype": 17, "space": 0, "layer": "SOMBREADO SUB 05", "olinetype": "ByBlock", "linetype": "", "color": "0,191,255,254", "ocolor": 256, "color24": -1, "transparency": 0, "lweight": -1, "linewidth": 0.0, "ltscale": 10.0, "visible": 1, "thickness": 0.0, "ext": "(3:0,0,1)", "width": null }, "geometry": { "type": "LineString", "coordinates": [ [ -7.525055639674636, 49.781224384149127, 0.0 ], [ -7.525158218057341, 49.781132084989224, 0.0 ] ] } },
{ "type": "Feature", "properties": { "fid": 783, "handle": 17059, "block": -1, "etype": 17, "space": 0, "layer": "SOMBREADO SUB 05", "olinetype": "ByBlock", "linetype": "", "color": "0,191,255,254", "ocolor": 256, "color24": -1, "transparency": 0, "lweight": -1, "linewidth": 0.0, "ltscale": 10.0, "visible": 1, "thickness": 0.0, "ext": "(3:0,0,1)", "width": null }, "geometry": { "type": "LineString", "coordinates": [ [ -7.525158218057341, 49.781132084989224, 0.0 ], [ -7.525885642781703, 49.780937986176895, 0.0 ] ] } },
{ "type": "Feature", "properties": { "fid": 784, "handle": 17060, "block": -1, "etype": 17, "space": 0, "layer": "SOMBREADO SUB 05", "olinetype": "ByBlock", "linetype": "", "color": "0,191,255,254", "ocolor": 256, "color24": -1, "transparency": 0, "lweight": -1, "linewidth": 0.0, "ltscale": 10.0, "visible": 1, "thickness": 0.0, "ext": "(3:0,0,1)", "width": null }, "geometry": { "type": "LineString", "coordinates": [ [ -7.525885642781703, 49.780937986176895, 0.0 ], [ -7.525751654030007, 49.780752562259934, 0.0 ] ] } },
{ "type": "Feature", "properties": { "fid": 785, "handle": 17061, "block": -1, "etype": 17, "space": 0, "layer": "SOMBREADO SUB 05", "olinetype": "ByBlock", "linetype": "", "color": "0,191,255,254", "ocolor": 256, "color24": -1, "transparency": 0, "lweight": -1, "linewidth": 0.0, "ltscale": 10.0, "visible": 1, "thickness": 0.0, "ext": "(3:0,0,1)", "width": null }, "geometry": { "type": "LineString", "coordinates": [ [ -7.525751654030007, 49.780752562259934, 0.0 ], [ -7.525808710623158, 49.780637526483964, 0.0 ] ] } },
{ "type": "Feature", "properties": { "fid": 786, "handle": 17062, "block": -1, "etype": 17, "space": 0, "layer": "SOMBREADO SUB 05", "olinetype": "ByBlock", "linetype": "", "color": "0,191,255,254", "ocolor": 256, "color24": -1, "transparency": 0, "lweight": -1, "linewidth": 0.0, "ltscale": 10.0, "visible": 1, "thickness": 0.0, "ext": "(3:0,0,1)", "width": null }, "geometry": { "type": "LineString", "coordinates": [ [ -7.525808710623158, 49.780637526483964, 0.0 ], [ -7.525753159007349, 49.780539796474308, 0.0 ] ] } },
{ "type": "Feature", "properties": { "fid": 787, "handle": 17063, "block": -1, "etype": 17, "space": 0, "layer": "SOMBREADO SUB 05", "olinetype": "ByBlock", "linetype": "", "color": "0,191,255,254", "ocolor": 256, "color24": -1, "transparency": 0, "lweight": -1, "linewidth": 0.0, "ltscale": 10.0, "visible": 1, "thickness": 0.0, "ext": "(3:0,0,1)", "width": null }, "geometry": { "type": "LineString", "coordinates": [ [ -7.525753159007349, 49.780539796474308, 0.0 ], [ -7.525665202081653, 49.780497324437626, 0.0 ] ] } },
{ "type": "Feature", "properties": { "fid": 788, "handle": 17064, "block": -1, "etype": 17, "space": 0, "layer": "SOMBREADO SUB 05", "olinetype": "ByBlock", "linetype": "", "color": "0,191,255,254", "ocolor": 256, "color24": -1, "transparency": 0, "lweight": -1, "linewidth": 0.0, "ltscale": 10.0, "visible": 1, "thickness": 0.0, "ext": "(3:0,0,1)", "width": null }, "geometry": { "type": "LineString", "coordinates": [ [ -7.525665202081653, 49.780497324437626, 0.0 ], [ -7.525556675693968, 49.780486836867809, 0.0 ] ] } },
{ "type": "Feature", "properties": { "fid": 789, "handle": 17065, "block": -1, "etype": 17, "space": 0, "layer": "SOMBREADO SUB 05", "olinetype": "ByBlock", "linetype": "", "color": "0,191,255,254", "ocolor": 256, "color24": -1, "transparency": 0, "lweight": -1, "linewidth": 0.0, "ltscale": 10.0, "visible": 1, "thickness": 0.0, "ext": "(3:0,0,1)", "width": null }, "geometry": { "type": "LineString", "coordinates": [ [ -7.525556675693968, 49.780486836867809, 0.0 ], [ -7.525307882821921, 49.780161547811737, 0.0 ] ] } },
{ "type": "Feature", "properties": { "fid": 790, "handle": 17066, "block": -1, "etype": 17, "space": 0, "layer": "SOMBREADO SUB 05", "olinetype": "ByBlock", "linetype": "", "color": "0,191,255,254", "ocolor": 256, "color24": -1, "transparency": 0, "lweight": -1, "linewidth": 0.0, "ltscale": 10.0, "visible": 1, "thickness": 0.0, "ext": "(3:0,0,1)", "width": null }, "geometry": { "type": "LineString", "coordinates": [ [ -7.525307882821921, 49.780161547811737, 0.0 ], [ -7.525294585164879, 49.780143118293559, 0.0 ] ] } },
{ "type": "Feature", "properties": { "fid": 791, "handle": 17067, "block": -1, "etype": 17, "space": 0, "layer": "SOMBREADO SUB 05", "olinetype": "ByBlock", "linetype": "", "color": "0,191,255,254", "ocolor": 256, "color24": -1, "transparency": 0, "lweight": -1, "linewidth": 0.0, "ltscale": 10.0, "visible": 1, "thickness": 0.0, "ext": "(3:0,0,1)", "width": null }, "geometry": { "type": "LineString", "coordinates": [ [ -7.525294585164879, 49.780143118293559, 0.0 ], [ -7.525773248442031, 49.779967918205735, 0.0 ] ] } },
{ "type": "Feature", "properties": { "fid": 792, "handle": 17068, "block": -1, "etype": 17, "space": 0, "layer": "SOMBREADO SUB 05", "olinetype": "ByBlock", "linetype": "", "color": "0,191,255,254", "ocolor": 256, "color24": -1, "transparency": 0, "lweight": -1, "linewidth": 0.0, "ltscale": 10.0, "visible": 1, "thickness": 0.0, "ext": "(3:0,0,1)", "width": null }, "geometry": { "type": "LineString", "coordinates": [ [ -7.525773248442031, 49.779967918205735, 0.0 ], [ -7.525992132123291, 49.780058363541791, 0.0 ] ] } },
{ "type": "Feature", "properties": { "fid": 793, "handle": 17069, "block": -1, "etype": 17, "space": 0, "layer": "SOMBREADO SUB 05", "olinetype": "ByBlock", "linetype": "", "color": "0,191,255,254", "ocolor": 256, "color24": -1, "transparency": 0, "lweight": -1, "linewidth": 0.0, "ltscale": 10.0, "visible": 1, "thickness": 0.0, "ext": "(3:0,0,1)", "width": null }, "geometry": { "type": "LineString", "coordinates": [ [ -7.525992132123291, 49.780058363541791, 0.0 ], [ -7.526256389401263, 49.780028616256992, 0.0 ] ] } },
{ "type": "Feature", "properties": { "fid": 794, "handle": 17070, "block": -1, "etype": 17, "space": 0, "layer": "SOMBREADO SUB 05", "olinetype": "ByBlock", "linetype": "", "color": "0,191,255,254", "ocolor": 256, "color24": -1, "transparency": 0, "lweight": -1, "linewidth": 0.0, "ltscale": 10.0, "visible": 1, "thickness": 0.0, "ext": "(3:0,0,1)", "width": null }, "geometry": { "type": "LineString", "coordinates": [ [ -7.526256389401263, 49.780028616256992, 0.0 ], [ -7.526346201525349, 49.780145275860086, 0.0 ] ] } },
{ "type": "Feature", "properties": { "fid": 795, "handle": 17071, "block": -1, "etype": 17, "space": 0, "layer": "SOMBREADO SUB 05", "olinetype": "ByBlock", "linetype": "", "color": "0,191,255,254", "ocolor": 256, "color24": -1, "transparency": 0, "lweight": -1, "linewidth": 0.0, "ltscale": 10.0, "visible": 1, "thickness": 0.0, "ext": "(3:0,0,1)", "width": null }, "geometry": { "type": "LineString", "coordinates": [ [ -7.526346201525349, 49.780145275860086, 0.0 ], [ -7.52665005784796, 49.780667613136487, 0.0 ] ] } },
{ "type": "Feature", "properties": { "fid": 796, "handle": 17072, "block": -1, "etype": 17, "space": 0, "layer": "SOMBREADO SUB 05", "olinetype": "ByBlock", "linetype": "", "color": "0,191,255,254", "ocolor": 256, "color24": -1, "transparency": 0, "lweight": -1, "linewidth": 0.0, "ltscale": 10.0, "visible": 1, "thickness": 0.0, "ext": "(3:0,0,1)", "width": null }, "geometry": { "type": "LineString", "coordinates": [ [ -7.52665005784796, 49.780667613136487, 0.0 ], [ -7.526857148470481, 49.781118696005599, 0.0 ] ] } },
{ "type": "Feature", "properties": { "fid": 797, "handle": 17073, "block": -1, "etype": 17, "space": 0, "layer": "SOMBREADO SUB 05", "olinetype": "ByBlock", "linetype": "", "color": "0,191,255,254", "ocolor": 256, "color24": -1, "transparency": 0, "lweight": -1, "linewidth": 0.0, "ltscale": 10.0, "visible": 1, "thickness": 0.0, "ext": "(3:0,0,1)", "width": null }, "geometry": { "type": "LineString", "coordinates": [ [ -7.526857148470481, 49.781118696005599, 0.0 ], [ -7.527008201749705, 49.781352788384453, 0.0 ] ] } },
{ "type": "Feature", "properties": { "fid": 798, "handle": 17074, "block": -1, "etype": 17, "space": 0, "layer": "SOMBREADO SUB 05", "olinetype": "ByBlock", "linetype": "", "color": "0,191,255,254", "ocolor": 256, "color24": -1, "transparency": 0, "lweight": -1, "linewidth": 0.0, "ltscale": 10.0, "visible": 1, "thickness": 0.0, "ext": "(3:0,0,1)", "width": null }, "geometry": { "type": "LineString", "coordinates": [ [ -7.527008201749705, 49.781352788384453, 0.0 ], [ -7.527246592876898, 49.781351969973962, 0.0 ] ] } },
{ "type": "Feature", "properties": { "fid": 799, "handle": 17075, "block": -1, "etype": 17, "space": 0, "layer": "SOMBREADO SUB 05", "olinetype": "ByBlock", "linetype": "", "color": "0,191,255,254", "ocolor": 256, "color24": -1, "transparency": 0, "lweight": -1, "linewidth": 0.0, "ltscale": 10.0, "visible": 1, "thickness": 0.0, "ext": "(3:0,0,1)", "width": null }, "geometry": { "type": "LineString", "coordinates": [ [ -7.527246592876898, 49.781351969973962, 0.0 ], [ -7.527808774808414, 49.781248323909374, 0.0 ] ] } },
{ "type": "Feature", "properties": { "fid": 800, "handle": 17076, "block": -1, "etype": 17, "space": 0, "layer": "SOMBREADO SUB 05", "olinetype": "ByBlock", "linetype": "", "color": "0,191,255,254", "ocolor": 256, "color24": -1, "transparency": 0, "lweight": -1, "linewidth": 0.0, "ltscale": 10.0, "visible": 1, "thickness": 0.0, "ext": "(3:0,0,1)", "width": null }, "geometry": { "type": "LineString", "coordinates": [ [ -7.527808774808414, 49.781248323909374, 0.0 ], [ -7.52808164309744, 49.781274967130805, 0.0 ] ] } },
{ "type": "Feature", "properties": { "fid": 801, "handle": 17077, "block": -1, "etype": 17, "space": 0, "layer": "SOMBREADO SUB 05", "olinetype": "ByBlock", "linetype": "", "color": "0,191,255,254", "ocolor": 256, "color24": -1, "transparency": 0, "lweight": -1, "linewidth": 0.0, "ltscale": 10.0, "visible": 1, "thickness": 0.0, "ext": "(3:0,0,1)", "width": null }, "geometry": { "type": "LineString", "coordinates": [ [ -7.52808164309744, 49.781274967130805, 0.0 ], [ -7.52824839014397, 49.781167296695564, 0.0 ] ] } },
{ "type": "Feature", "properties": { "fid": 802, "handle": 17078, "block": -1, "etype": 17, "space": 0, "layer": "SOMBREADO SUB 05", "olinetype": "ByBlock", "linetype": "", "color": "0,191,255,254", "ocolor": 256, "color24": -1, "transparency": 0, "lweight": -1, "linewidth": 0.0, "ltscale": 10.0, "visible": 1, "thickness": 0.0, "ext": "(3:0,0,1)", "width": null }, "geometry": { "type": "LineString", "coordinates": [ [ -7.52824839014397, 49.781167296695564, 0.0 ], [ -7.528455120186366, 49.781153155368024, 0.0 ] ] } },
{ "type": "Feature", "properties": { "fid": 803, "handle": 17079, "block": -1, "etype": 17, "space": 0, "layer": "SOMBREADO SUB 05", "olinetype": "ByBlock", "linetype": "", "color": "0,191,255,254", "ocolor": 256, "color24": -1, "transparency": 0, "lweight": -1, "linewidth": 0.0, "ltscale": 10.0, "visible": 1, "thickness": 0.0, "ext": "(3:0,0,1)", "width": null }, "geometry": { "type": "LineString", "coordinates": [ [ -7.528455120186366, 49.781153155368024, 0.0 ], [ -7.528596563434497, 49.781854745887969, 0.0 ] ] } },
{ "type": "Feature", "properties": { "fid": 804, "handle": 17080, "block": -1, "etype": 17, "space": 0, "layer": "SOMBREADO SUB 05", "olinetype": "ByBlock", "linetype": "", "color": "0,191,255,254", "ocolor": 256, "color24": -1, "transparency": 0, "lweight": -1, "linewidth": 0.0, "ltscale": 10.0, "visible": 1, "thickness": 0.0, "ext": "(3:0,0,1)", "width": null }, "geometry": { "type": "LineString", "coordinates": [ [ -7.528596563434497, 49.781854745887969, 0.0 ], [ -7.528632772845075, 49.782128582780295, 0.0 ] ] } },
{ "type": "Feature", "properties": { "fid": 805, "handle": 17081, "block": -1, "etype": 17, "space": 0, "layer": "SOMBREADO SUB 05", "olinetype": "ByBlock", "linetype": "", "color": "0,191,255,254", "ocolor": 256, "color24": -1, "transparency": 0, "lweight": -1, "linewidth": 0.0, "ltscale": 10.0, "visible": 1, "thickness": 0.0, "ext": "(3:0,0,1)", "width": null }, "geometry": { "type": "LineString", "coordinates": [ [ -7.528632772845075, 49.782128582780295, 0.0 ], [ -7.528648224033248, 49.78311258287814, 0.0 ] ] } },
{ "type": "Feature", "properties": { "fid": 806, "handle": 17082, "block": -1, "etype": 17, "space": 0, "layer": "SOMBREADO SUB 05", "olinetype": "ByBlock", "linetype": "", "color": "0,191,255,254", "ocolor": 256, "color24": -1, "transparency": 0, "lweight": -1, "linewidth": 0.0, "ltscale": 10.0, "visible": 1, "thickness": 0.0, "ext": "(3:0,0,1)", "width": null }, "geometry": { "type": "LineString", "coordinates": [ [ -7.528648224033248, 49.78311258287814, 0.0 ], [ -7.528440129409898, 49.783801177411114, 0.0 ] ] } },
{ "type": "Feature", "properties": { "fid": 807, "handle": 17083, "block": -1, "etype": 17, "space": 0, "layer": "SOMBREADO SUB 05", "olinetype": "ByBlock", "linetype": "", "color": "0,191,255,254", "ocolor": 256, "color24": -1, "transparency": 0, "lweight": -1, "linewidth": 0.0, "ltscale": 10.0, "visible": 1, "thickness": 0.0, "ext": "(3:0,0,1)", "width": null }, "geometry": { "type": "LineString", "coordinates": [ [ -7.528440129409898, 49.783801177411114, 0.0 ], [ -7.528318583891903, 49.784059142701977, 0.0 ] ] } },
{ "type": "Feature", "properties": { "fid": 808, "handle": 17084, "block": -1, "etype": 17, "space": 0, "layer": "SOMBREADO SUB 05", "olinetype": "ByBlock", "linetype": "", "color": "0,191,255,254", "ocolor": 256, "color24": -1, "transparency": 0, "lweight": -1, "linewidth": 0.0, "ltscale": 10.0, "visible": 1, "thickness": 0.0, "ext": "(3:0,0,1)", "width": null }, "geometry": { "type": "LineString", "coordinates": [ [ -7.528318583891903, 49.784059142701977, 0.0 ], [ -7.528214182225708, 49.784262291271794, 0.0 ] ] } },
{ "type": "Feature", "properties": { "fid": 809, "handle": 17085, "block": -1, "etype": 17, "space": 0, "layer": "SOMBREADO SUB 05", "olinetype": "ByBlock", "linetype": "", "color": "0,191,255,254", "ocolor": 256, "color24": -1, "transparency": 0, "lweight": -1, "linewidth": 0.0, "ltscale": 10.0, "visible": 1, "thickness": 0.0, "ext": "(3:0,0,1)", "width": null }, "geometry": { "type": "LineString", "coordinates": [ [ -7.528214182225708, 49.784262291271794, 0.0 ], [ -7.528133756488299, 49.784417588643436, 0.0 ] ] } },
{ "type": "Feature", "properties": { "fid": 810, "handle": 17086, "block": -1, "etype": 17, "space": 0, "layer": "SOMBREADO SUB 05", "olinetype": "ByBlock", "linetype": "", "color": "0,191,255,254", "ocolor": 256, "color24": -1, "transparency": 0, "lweight": -1, "linewidth": 0.0, "ltscale": 10.0, "visible": 1, "thickness": 0.0, "ext": "(3:0,0,1)", "width": null }, "geometry": { "type": "LineString", "coordinates": [ [ -7.528133756488299, 49.784417588643436, 0.0 ], [ -7.528036740457934, 49.784625765123785, 0.0 ] ] } },
{ "type": "Feature", "properties": { "fid": 811, "handle": 31380, "block": -1, "etype": 17, "space": 0, "layer": "SOMBREADO SUB 06", "olinetype": "ByBlock", "linetype": "", "color": "204,102,0,254", "ocolor": 256, "color24": -1, "transparency": 0, "lweight": -1, "linewidth": 0.0, "ltscale": 5.0, "visible": 1, "thickness": 0.0, "ext": "(3:0,0,1)", "width": null }, "geometry": { "type": "LineString", "coordinates": [ [ -7.527568213285641, 49.789356163734013, 0.0 ], [ -7.529662258659712, 49.78763329776968, 0.0 ] ] } },
{ "type": "Feature", "properties": { "fid": 812, "handle": 31381, "block": -1, "etype": 17, "space": 0, "layer": "SOMBREADO SUB 06", "olinetype": "ByBlock", "linetype": "", "color": "204,102,0,254", "ocolor": 256, "color24": -1, "transparency": 0, "lweight": -1, "linewidth": 0.0, "ltscale": 5.0, "visible": 1, "thickness": 0.0, "ext": "(3:0,0,1)", "width": null }, "geometry": { "type": "LineString", "coordinates": [ [ -7.529662258659712, 49.78763329776968, 0.0 ], [ -7.527871683574577, 49.786795466048432, 0.0 ] ] } },
{ "type": "Feature", "properties": { "fid": 813, "handle": 31382, "block": -1, "etype": 17, "space": 0, "layer": "SOMBREADO SUB 06", "olinetype": "ByBlock", "linetype": "", "color": "204,102,0,254", "ocolor": 256, "color24": -1, "transparency": 0, "lweight": -1, "linewidth": 0.0, "ltscale": 5.0, "visible": 1, "thickness": 0.0, "ext": "(3:0,0,1)", "width": null }, "geometry": { "type": "LineString", "coordinates": [ [ -7.527871683574577, 49.786795466048432, 0.0 ], [ -7.528006146248025, 49.785414895574803, 0.0 ] ] } },
{ "type": "Feature", "properties": { "fid": 814, "handle": 31383, "block": -1, "etype": 17, "space": 0, "layer": "SOMBREADO SUB 06", "olinetype": "ByBlock", "linetype": "", "color": "204,102,0,254", "ocolor": 256, "color24": -1, "transparency": 0, "lweight": -1, "linewidth": 0.0, "ltscale": 5.0, "visible": 1, "thickness": 0.0, "ext": "(3:0,0,1)", "width": null }, "geometry": { "type": "LineString", "coordinates": [ [ -7.528006146248025, 49.785414895574803, 0.0 ], [ -7.527942962542745, 49.784861357217927, 0.0 ] ] } },
{ "type": "Feature", "properties": { "fid": 815, "handle": 31384, "block": -1, "etype": 17, "space": 0, "layer": "SOMBREADO SUB 06", "olinetype": "ByBlock", "linetype": "", "color": "204,102,0,254", "ocolor": 256, "color24": -1, "transparency": 0, "lweight": -1, "linewidth": 0.0, "ltscale": 5.0, "visible": 1, "thickness": 0.0, "ext": "(3:0,0,1)", "width": null }, "geometry": { "type": "LineString", "coordinates": [ [ -7.527942962542745, 49.784861357217927, 0.0 ], [ -7.528253637015422, 49.78468058245101, 0.0 ] ] } },
{ "type": "Feature", "properties": { "fid": 816, "handle": 31385, "block": -1, "etype": 17, "space": 0, "layer": "SOMBREADO SUB 06", "olinetype": "ByBlock", "linetype": "", "color": "204,102,0,254", "ocolor": 256, "color24": -1, "transparency": 0, "lweight": -1, "linewidth": 0.0, "ltscale": 5.0, "visible": 1, "thickness": 0.0, "ext": "(3:0,0,1)", "width": null }, "geometry": { "type": "LineString", "coordinates": [ [ -7.528253637015422, 49.78468058245101, 0.0 ], [ -7.525039151685906, 49.784834354942532, 0.0 ] ] } },
{ "type": "Feature", "properties": { "fid": 817, "handle": 31386, "block": -1, "etype": 17, "space": 0, "layer": "SOMBREADO SUB 06", "olinetype": "ByBlock", "linetype": "", "color": "204,102,0,254", "ocolor": 256, "color24": -1, "transparency": 0, "lweight": -1, "linewidth": 0.0, "ltscale": 5.0, "visible": 1, "thickness": 0.0, "ext": "(3:0,0,1)", "width": null }, "geometry": { "type": "LineString", "coordinates": [ [ -7.525039151685906, 49.784834354942532, 0.0 ], [ -7.524823541186519, 49.784844665952285, 0.0 ] ] } },
{ "type": "Feature", "properties": { "fid": 818, "handle": 31387, "block": -1, "etype": 17, "space": 0, "layer": "SOMBREADO SUB 06", "olinetype": "ByBlock", "linetype": "", "color": "204,102,0,254", "ocolor": 256, "color24": -1, "transparency": 0, "lweight": -1, "linewidth": 0.0, "ltscale": 5.0, "visible": 1, "thickness": 0.0, "ext": "(3:0,0,1)", "width": null }, "geometry": { "type": "LineString", "coordinates": [ [ -7.524823541186519, 49.784844665952285, 0.0 ], [ -7.525173912346596, 49.784269743591324, 0.0 ] ] } },
{ "type": "Feature", "properties": { "fid": 819, "handle": 31388, "block": -1, "etype": 17, "space": 0, "layer": "SOMBREADO SUB 06", "olinetype": "ByBlock", "linetype": "", "color": "204,102,0,254", "ocolor": 256, "color24": -1, "transparency": 0, "lweight": -1, "linewidth": 0.0, "ltscale": 5.0, "visible": 1, "thickness": 0.0, "ext": "(3:0,0,1)", "width": null }, "geometry": { "type": "LineString", "coordinates": [ [ -7.525173912346596, 49.784269743591324, 0.0 ], [ -7.525238379191237, 49.784044660161896, 0.0 ] ] } },
{ "type": "Feature", "properties": { "fid": 820, "handle": 31389, "block": -1, "etype": 17, "space": 0, "layer": "SOMBREADO SUB 06", "olinetype": "ByBlock", "linetype": "", "color": "204,102,0,254", "ocolor": 256, "color24": -1, "transparency": 0, "lweight": -1, "linewidth": 0.0, "ltscale": 5.0, "visible": 1, "thickness": 0.0, "ext": "(3:0,0,1)", "width": null }, "geometry": { "type": "LineString", "coordinates": [ [ -7.525238379191237, 49.784044660161896, 0.0 ], [ -7.52522225807536, 49.783903350922024, 0.0 ] ] } },
{ "type": "Feature", "properties": { "fid": 821, "handle": 31390, "block": -1, "etype": 17, "space": 0, "layer": "SOMBREADO SUB 06", "olinetype": "ByBlock", "linetype": "", "color": "204,102,0,254", "ocolor": 256, "color24": -1, "transparency": 0, "lweight": -1, "linewidth": 0.0, "ltscale": 5.0, "visible": 1, "thickness": 0.0, "ext": "(3:0,0,1)", "width": null }, "geometry": { "type": "LineString", "coordinates": [ [ -7.52522225807536, 49.783903350922024, 0.0 ], [ -7.525138211512398, 49.783862527779121, 0.0 ] ] } },
{ "type": "Feature", "properties": { "fid": 822, "handle": 31391, "block": -1, "etype": 17, "space": 0, "layer": "SOMBREADO SUB 06", "olinetype": "ByBlock", "linetype": "", "color": "204,102,0,254", "ocolor": 256, "color24": -1, "transparency": 0, "lweight": -1, "linewidth": 0.0, "ltscale": 5.0, "visible": 1, "thickness": 0.0, "ext": "(3:0,0,1)", "width": null }, "geometry": { "type": "LineString", "coordinates": [ [ -7.525138211512398, 49.783862527779121, 0.0 ], [ -7.525000755842572, 49.783844694959512, 0.0 ] ] } },
{ "type": "Feature", "properties": { "fid": 823, "handle": 31392, "block": -1, "etype": 17, "space": 0, "layer": "SOMBREADO SUB 06", "olinetype": "ByBlock", "linetype": "", "color": "204,102,0,254", "ocolor": 256, "color24": -1, "transparency": 0, "lweight": -1, "linewidth": 0.0, "ltscale": 5.0, "visible": 1, "thickness": 0.0, "ext": "(3:0,0,1)", "width": null }, "geometry": { "type": "LineString", "coordinates": [ [ -7.525000755842572, 49.783844694959512, 0.0 ], [ -7.52485024611484, 49.783874306743897, 0.0 ] ] } },
{ "type": "Feature", "properties": { "fid": 824, "handle": 31393, "block": -1, "etype": 17, "space": 0, "layer": "SOMBREADO SUB 06", "olinetype": "ByBlock", "linetype": "", "color": "204,102,0,254", "ocolor": 256, "color24": -1, "transparency": 0, "lweight": -1, "linewidth": 0.0, "ltscale": 5.0, "visible": 1, "thickness": 0.0, "ext": "(3:0,0,1)", "width": null }, "geometry": { "type": "LineString", "coordinates": [ [ -7.52485024611484, 49.783874306743897, 0.0 ], [ -7.523653280049106, 49.784261949236992, 0.0 ] ] } },
{ "type": "Feature", "properties": { "fid": 825, "handle": 31394, "block": -1, "etype": 17, "space": 0, "layer": "SOMBREADO SUB 06", "olinetype": "ByBlock", "linetype": "", "color": "204,102,0,254", "ocolor": 256, "color24": -1, "transparency": 0, "lweight": -1, "linewidth": 0.0, "ltscale": 5.0, "visible": 1, "thickness": 0.0, "ext": "(3:0,0,1)", "width": null }, "geometry": { "type": "LineString", "coordinates": [ [ -7.523653280049106, 49.784261949236992, 0.0 ], [ -7.524283079612125, 49.784231544814595, 0.0 ] ] } },
{ "type": "Feature", "properties": { "fid": 826, "handle": 31395, "block": -1, "etype": 17, "space": 0, "layer": "SOMBREADO SUB 06", "olinetype": "ByBlock", "linetype": "", "color": "204,102,0,254", "ocolor": 256, "color24": -1, "transparency": 0, "lweight": -1, "linewidth": 0.0, "ltscale": 5.0, "visible": 1, "thickness": 0.0, "ext": "(3:0,0,1)", "width": null }, "geometry": { "type": "LineString", "coordinates": [ [ -7.524283079612125, 49.784231544814595, 0.0 ], [ -7.524141370384378, 49.784517217291189, 0.0 ] ] } },
{ "type": "Feature", "properties": { "fid": 827, "handle": 31396, "block": -1, "etype": 17, "space": 0, "layer": "SOMBREADO SUB 06", "olinetype": "ByBlock", "linetype": "", "color": "204,102,0,254", "ocolor": 256, "color24": -1, "transparency": 0, "lweight": -1, "linewidth": 0.0, "ltscale": 5.0, "visible": 1, "thickness": 0.0, "ext": "(3:0,0,1)", "width": null }, "geometry": { "type": "LineString", "coordinates": [ [ -7.524141370384378, 49.784517217291189, 0.0 ], [ -7.524141370384378, 49.784517217291189, 0.0 ] ] } },
{ "type": "Feature", "properties": { "fid": 828, "handle": 31397, "block": -1, "etype": 17, "space": 0, "layer": "SOMBREADO SUB 06", "olinetype": "ByBlock", "linetype": "", "color": "204,102,0,254", "ocolor": 256, "color24": -1, "transparency": 0, "lweight": -1, "linewidth": 0.0, "ltscale": 5.0, "visible": 1, "thickness": 0.0, "ext": "(3:0,0,1)", "width": null }, "geometry": { "type": "LineString", "coordinates": [ [ -7.524141370384378, 49.784517217291189, 0.0 ], [ -7.524141370384378, 49.784517217291189, 0.0 ] ] } },
{ "type": "Feature", "properties": { "fid": 829, "handle": 31398, "block": -1, "etype": 17, "space": 0, "layer": "SOMBREADO SUB 06", "olinetype": "ByBlock", "linetype": "", "color": "204,102,0,254", "ocolor": 256, "color24": -1, "transparency": 0, "lweight": -1, "linewidth": 0.0, "ltscale": 5.0, "visible": 1, "thickness": 0.0, "ext": "(3:0,0,1)", "width": null }, "geometry": { "type": "LineString", "coordinates": [ [ -7.524141370384378, 49.784517217291189, 0.0 ], [ -7.524108216043706, 49.784580641273926, 0.0 ] ] } },
{ "type": "Feature", "properties": { "fid": 830, "handle": 31399, "block": -1, "etype": 17, "space": 0, "layer": "SOMBREADO SUB 06", "olinetype": "ByBlock", "linetype": "", "color": "204,102,0,254", "ocolor": 256, "color24": -1, "transparency": 0, "lweight": -1, "linewidth": 0.0, "ltscale": 5.0, "visible": 1, "thickness": 0.0, "ext": "(3:0,0,1)", "width": null }, "geometry": { "type": "LineString", "coordinates": [ [ -7.524108216043706, 49.784580641273926, 0.0 ], [ -7.523586361023623, 49.785374553561816, 0.0 ] ] } },
{ "type": "Feature", "properties": { "fid": 831, "handle": 31400, "block": -1, "etype": 17, "space": 0, "layer": "SOMBREADO SUB 06", "olinetype": "ByBlock", "linetype": "", "color": "204,102,0,254", "ocolor": 256, "color24": -1, "transparency": 0, "lweight": -1, "linewidth": 0.0, "ltscale": 5.0, "visible": 1, "thickness": 0.0, "ext": "(3:0,0,1)", "width": null }, "geometry": { "type": "LineString", "coordinates": [ [ -7.523586361023623, 49.785374553561816, 0.0 ], [ -7.524489477107179, 49.785331371566663, 0.0 ] ] } },
{ "type": "Feature", "properties": { "fid": 832, "handle": 31401, "block": -1, "etype": 17, "space": 0, "layer": "SOMBREADO SUB 06", "olinetype": "ByBlock", "linetype": "", "color": "204,102,0,254", "ocolor": 256, "color24": -1, "transparency": 0, "lweight": -1, "linewidth": 0.0, "ltscale": 5.0, "visible": 1, "thickness": 0.0, "ext": "(3:0,0,1)", "width": null }, "geometry": { "type": "LineString", "coordinates": [ [ -7.524489477107179, 49.785331371566663, 0.0 ], [ -7.524613325716395, 49.785195572931919, 0.0 ] ] } },
{ "type": "Feature", "properties": { "fid": 833, "handle": 31402, "block": -1, "etype": 17, "space": 0, "layer": "SOMBREADO SUB 06", "olinetype": "ByBlock", "linetype": "", "color": "204,102,0,254", "ocolor": 256, "color24": -1, "transparency": 0, "lweight": -1, "linewidth": 0.0, "ltscale": 5.0, "visible": 1, "thickness": 0.0, "ext": "(3:0,0,1)", "width": null }, "geometry": { "type": "LineString", "coordinates": [ [ -7.524613325716395, 49.785195572931919, 0.0 ], [ -7.525353230160612, 49.785601476722448, 0.0 ] ] } },
{ "type": "Feature", "properties": { "fid": 834, "handle": 31403, "block": -1, "etype": 17, "space": 0, "layer": "SOMBREADO SUB 06", "olinetype": "ByBlock", "linetype": "", "color": "204,102,0,254", "ocolor": 256, "color24": -1, "transparency": 0, "lweight": -1, "linewidth": 0.0, "ltscale": 5.0, "visible": 1, "thickness": 0.0, "ext": "(3:0,0,1)", "width": null }, "geometry": { "type": "LineString", "coordinates": [ [ -7.525353230160612, 49.785601476722448, 0.0 ], [ -7.525431293044083, 49.785779151280607, 0.0 ] ] } },
{ "type": "Feature", "properties": { "fid": 835, "handle": 31404, "block": -1, "etype": 17, "space": 0, "layer": "SOMBREADO SUB 06", "olinetype": "ByBlock", "linetype": "", "color": "204,102,0,254", "ocolor": 256, "color24": -1, "transparency": 0, "lweight": -1, "linewidth": 0.0, "ltscale": 5.0, "visible": 1, "thickness": 0.0, "ext": "(3:0,0,1)", "width": null }, "geometry": { "type": "LineString", "coordinates": [ [ -7.525431293044083, 49.785779151280607, 0.0 ], [ -7.525127888736303, 49.786212552010952, 0.0 ] ] } },
{ "type": "Feature", "properties": { "fid": 836, "handle": 31405, "block": -1, "etype": 17, "space": 0, "layer": "SOMBREADO SUB 06", "olinetype": "ByBlock", "linetype": "", "color": "204,102,0,254", "ocolor": 256, "color24": -1, "transparency": 0, "lweight": -1, "linewidth": 0.0, "ltscale": 5.0, "visible": 1, "thickness": 0.0, "ext": "(3:0,0,1)", "width": null }, "geometry": { "type": "LineString", "coordinates": [ [ -7.525127888736303, 49.786212552010952, 0.0 ], [ -7.526419605723004, 49.786739627062992, 0.0 ] ] } },
{ "type": "Feature", "properties": { "fid": 837, "handle": 31406, "block": -1, "etype": 17, "space": 0, "layer": "SOMBREADO SUB 06", "olinetype": "ByBlock", "linetype": "", "color": "204,102,0,254", "ocolor": 256, "color24": -1, "transparency": 0, "lweight": -1, "linewidth": 0.0, "ltscale": 5.0, "visible": 1, "thickness": 0.0, "ext": "(3:0,0,1)", "width": null }, "geometry": { "type": "LineString", "coordinates": [ [ -7.526419605723004, 49.786739627062992, 0.0 ], [ -7.526504349963749, 49.786904686007013, 0.0 ] ] } },
{ "type": "Feature", "properties": { "fid": 838, "handle": 31407, "block": -1, "etype": 17, "space": 0, "layer": "SOMBREADO SUB 06", "olinetype": "ByBlock", "linetype": "", "color": "204,102,0,254", "ocolor": 256, "color24": -1, "transparency": 0, "lweight": -1, "linewidth": 0.0, "ltscale": 5.0, "visible": 1, "thickness": 0.0, "ext": "(3:0,0,1)", "width": null }, "geometry": { "type": "LineString", "coordinates": [ [ -7.526504349963749, 49.786904686007013, 0.0 ], [ -7.525580958441348, 49.787527942164424, 0.0 ] ] } },
{ "type": "Feature", "properties": { "fid": 839, "handle": 31408, "block": -1, "etype": 17, "space": 0, "layer": "SOMBREADO SUB 06", "olinetype": "ByBlock", "linetype": "", "color": "204,102,0,254", "ocolor": 256, "color24": -1, "transparency": 0, "lweight": -1, "linewidth": 0.0, "ltscale": 5.0, "visible": 1, "thickness": 0.0, "ext": "(3:0,0,1)", "width": null }, "geometry": { "type": "LineString", "coordinates": [ [ -7.525580958441348, 49.787527942164424, 0.0 ], [ -7.525204208743445, 49.787837766151419, 0.0 ] ] } },
{ "type": "Feature", "properties": { "fid": 840, "handle": 31409, "block": -1, "etype": 17, "space": 0, "layer": "SOMBREADO SUB 06", "olinetype": "ByBlock", "linetype": "", "color": "204,102,0,254", "ocolor": 256, "color24": -1, "transparency": 0, "lweight": -1, "linewidth": 0.0, "ltscale": 5.0, "visible": 1, "thickness": 0.0, "ext": "(3:0,0,1)", "width": null }, "geometry": { "type": "LineString", "coordinates": [ [ -7.525204208743445, 49.787837766151419, 0.0 ], [ -7.526430185762505, 49.788702634035324, 0.0 ] ] } },
{ "type": "Feature", "properties": { "fid": 841, "handle": 31410, "block": -1, "etype": 17, "space": 0, "layer": "SOMBREADO SUB 06", "olinetype": "ByBlock", "linetype": "", "color": "204,102,0,254", "ocolor": 256, "color24": -1, "transparency": 0, "lweight": -1, "linewidth": 0.0, "ltscale": 5.0, "visible": 1, "thickness": 0.0, "ext": "(3:0,0,1)", "width": null }, "geometry": { "type": "LineString", "coordinates": [ [ -7.526430185762505, 49.788702634035324, 0.0 ], [ -7.52707803262177, 49.789101025654588, 0.0 ] ] } },
{ "type": "Feature", "properties": { "fid": 842, "handle": 31411, "block": -1, "etype": 17, "space": 0, "layer": "SOMBREADO SUB 06", "olinetype": "ByBlock", "linetype": "", "color": "204,102,0,254", "ocolor": 256, "color24": -1, "transparency": 0, "lweight": -1, "linewidth": 0.0, "ltscale": 5.0, "visible": 1, "thickness": 0.0, "ext": "(3:0,0,1)", "width": null }, "geometry": { "type": "LineString", "coordinates": [ [ -7.52707803262177, 49.789101025654588, 0.0 ], [ -7.527568213285641, 49.789356163734013, 0.0 ] ] } },
{ "type": "Feature", "properties": { "fid": 843, "handle": 31412, "block": -1, "etype": 17, "space": 0, "layer": "SOMBREADO SUB 03", "olinetype": "BYLAYER", "linetype": "", "color": "255,0,255,254", "ocolor": 256, "color24": -1, "transparency": 0, "lweight": -1, "linewidth": 0.0, "ltscale": 1.0, "visible": 1, "thickness": 0.0, "ext": "(3:0,0,1)", "width": null }, "geometry": { "type": "LineString", "coordinates": [ [ -7.523685611321485, 49.785234644362838, 0.0 ], [ -7.522677279086585, 49.78528284971587, 0.0 ] ] } },
{ "type": "Feature", "properties": { "fid": 844, "handle": 31413, "block": -1, "etype": 17, "space": 0, "layer": "SOMBREADO SUB 03", "olinetype": "BYLAYER", "linetype": "", "color": "255,0,255,254", "ocolor": 256, "color24": -1, "transparency": 0, "lweight": -1, "linewidth": 0.0, "ltscale": 1.0, "visible": 1, "thickness": 0.0, "ext": "(3:0,0,1)", "width": null }, "geometry": { "type": "LineString", "coordinates": [ [ -7.522677279086585, 49.78528284971587, 0.0 ], [ -7.522685398307992, 49.785354048295162, 0.0 ] ] } },
{ "type": "Feature", "properties": { "fid": 845, "handle": 31414, "block": -1, "etype": 17, "space": 0, "layer": "SOMBREADO SUB 03", "olinetype": "BYLAYER", "linetype": "", "color": "255,0,255,254", "ocolor": 256, "color24": -1, "transparency": 0, "lweight": -1, "linewidth": 0.0, "ltscale": 1.0, "visible": 1, "thickness": 0.0, "ext": "(3:0,0,1)", "width": null }, "geometry": { "type": "LineString", "coordinates": [ [ -7.522685398307992, 49.785354048295162, 0.0 ], [ -7.519646277449183, 49.785499286058318, 0.0 ] ] } },
{ "type": "Feature", "properties": { "fid": 846, "handle": 31415, "block": -1, "etype": 17, "space": 0, "layer": "SOMBREADO SUB 03", "olinetype": "BYLAYER", "linetype": "", "color": "255,0,255,254", "ocolor": 256, "color24": -1, "transparency": 0, "lweight": -1, "linewidth": 0.0, "ltscale": 1.0, "visible": 1, "thickness": 0.0, "ext": "(3:0,0,1)", "width": null }, "geometry": { "type": "LineString", "coordinates": [ [ -7.519646277449183, 49.785499286058318, 0.0 ], [ -7.519707469519938, 49.786428428916523, 0.0 ] ] } },
{ "type": "Feature", "properties": { "fid": 847, "handle": 31416, "block": -1, "etype": 17, "space": 0, "layer": "SOMBREADO SUB 03", "olinetype": "BYLAYER", "linetype": "", "color": "255,0,255,254", "ocolor": 256, "color24": -1, "transparency": 0, "lweight": -1, "linewidth": 0.0, "ltscale": 1.0, "visible": 1, "thickness": 0.0, "ext": "(3:0,0,1)", "width": null }, "geometry": { "type": "LineString", "coordinates": [ [ -7.519707469519938, 49.786428428916523, 0.0 ], [ -7.519566227175149, 49.786740394135329, 0.0 ] ] } },
{ "type": "Feature", "properties": { "fid": 848, "handle": 31417, "block": -1, "etype": 17, "space": 0, "layer": "SOMBREADO SUB 03", "olinetype": "BYLAYER", "linetype": "", "color": "255,0,255,254", "ocolor": 256, "color24": -1, "transparency": 0, "lweight": -1, "linewidth": 0.0, "ltscale": 1.0, "visible": 1, "thickness": 0.0, "ext": "(3:0,0,1)", "width": null }, "geometry": { "type": "LineString", "coordinates": [ [ -7.519566227175149, 49.786740394135329, 0.0 ], [ -7.519504434288844, 49.787060293601328, 0.0 ] ] } },
{ "type": "Feature", "properties": { "fid": 849, "handle": 31418, "block": -1, "etype": 17, "space": 0, "layer": "SOMBREADO SUB 03", "olinetype": "BYLAYER", "linetype": "", "color": "255,0,255,254", "ocolor": 256, "color24": -1, "transparency": 0, "lweight": -1, "linewidth": 0.0, "ltscale": 1.0, "visible": 1, "thickness": 0.0, "ext": "(3:0,0,1)", "width": null }, "geometry": { "type": "LineString", "coordinates": [ [ -7.519504434288844, 49.787060293601328, 0.0 ], [ -7.519406939703549, 49.787226573931932, 0.0 ] ] } },
{ "type": "Feature", "properties": { "fid": 850, "handle": 31419, "block": -1, "etype": 17, "space": 0, "layer": "SOMBREADO SUB 03", "olinetype": "BYLAYER", "linetype": "", "color": "255,0,255,254", "ocolor": 256, "color24": -1, "transparency": 0, "lweight": -1, "linewidth": 0.0, "ltscale": 1.0, "visible": 1, "thickness": 0.0, "ext": "(3:0,0,1)", "width": null }, "geometry": { "type": "LineString", "coordinates": [ [ -7.519406939703549, 49.787226573931932, 0.0 ], [ -7.519352033740585, 49.787567735329773, 0.0 ] ] } },
{ "type": "Feature", "properties": { "fid": 851, "handle": 31420, "block": -1, "etype": 17, "space": 0, "layer": "SOMBREADO SUB 03", "olinetype": "BYLAYER", "linetype": "", "color": "255,0,255,254", "ocolor": 256, "color24": -1, "transparency": 0, "lweight": -1, "linewidth": 0.0, "ltscale": 1.0, "visible": 1, "thickness": 0.0, "ext": "(3:0,0,1)", "width": null }, "geometry": { "type": "LineString", "coordinates": [ [ -7.519352033740585, 49.787567735329773, 0.0 ], [ -7.519357903584978, 49.787765082273744, 0.0 ] ] } },
{ "type": "Feature", "properties": { "fid": 852, "handle": 31421, "block": -1, "etype": 17, "space": 0, "layer": "SOMBREADO SUB 03", "olinetype": "BYLAYER", "linetype": "", "color": "255,0,255,254", "ocolor": 256, "color24": -1, "transparency": 0, "lweight": -1, "linewidth": 0.0, "ltscale": 1.0, "visible": 1, "thickness": 0.0, "ext": "(3:0,0,1)", "width": null }, "geometry": { "type": "LineString", "coordinates": [ [ -7.519357903584978, 49.787765082273744, 0.0 ], [ -7.519414271975453, 49.787835695459833, 0.0 ] ] } },
{ "type": "Feature", "properties": { "fid": 853, "handle": 31422, "block": -1, "etype": 17, "space": 0, "layer": "SOMBREADO SUB 03", "olinetype": "BYLAYER", "linetype": "", "color": "255,0,255,254", "ocolor": 256, "color24": -1, "transparency": 0, "lweight": -1, "linewidth": 0.0, "ltscale": 1.0, "visible": 1, "thickness": 0.0, "ext": "(3:0,0,1)", "width": null }, "geometry": { "type": "LineString", "coordinates": [ [ -7.519414271975453, 49.787835695459833, 0.0 ], [ -7.519261333162715, 49.788030665332712, 0.0 ] ] } },
{ "type": "Feature", "properties": { "fid": 854, "handle": 31423, "block": -1, "etype": 17, "space": 0, "layer": "SOMBREADO SUB 03", "olinetype": "BYLAYER", "linetype": "", "color": "255,0,255,254", "ocolor": 256, "color24": -1, "transparency": 0, "lweight": -1, "linewidth": 0.0, "ltscale": 1.0, "visible": 1, "thickness": 0.0, "ext": "(3:0,0,1)", "width": null }, "geometry": { "type": "LineString", "coordinates": [ [ -7.519261333162715, 49.788030665332712, 0.0 ], [ -7.518279535975866, 49.787637415695194, 0.0 ] ] } },
{ "type": "Feature", "properties": { "fid": 855, "handle": 31424, "block": -1, "etype": 17, "space": 0, "layer": "SOMBREADO SUB 03", "olinetype": "BYLAYER", "linetype": "", "color": "255,0,255,254", "ocolor": 256, "color24": -1, "transparency": 0, "lweight": -1, "linewidth": 0.0, "ltscale": 1.0, "visible": 1, "thickness": 0.0, "ext": "(3:0,0,1)", "width": null }, "geometry": { "type": "LineString", "coordinates": [ [ -7.518279535975866, 49.787637415695194, 0.0 ], [ -7.516928999026303, 49.787131922211486, 0.0 ] ] } },
{ "type": "Feature", "properties": { "fid": 856, "handle": 31425, "block": -1, "etype": 17, "space": 0, "layer": "SOMBREADO SUB 03", "olinetype": "BYLAYER", "linetype": "", "color": "255,0,255,254", "ocolor": 256, "color24": -1, "transparency": 0, "lweight": -1, "linewidth": 0.0, "ltscale": 1.0, "visible": 1, "thickness": 0.0, "ext": "(3:0,0,1)", "width": null }, "geometry": { "type": "LineString", "coordinates": [ [ -7.516928999026303, 49.787131922211486, 0.0 ], [ -7.515143610784362, 49.786089674499664, 0.0 ] ] } },
{ "type": "Feature", "properties": { "fid": 857, "handle": 31426, "block": -1, "etype": 17, "space": 0, "layer": "SOMBREADO SUB 03", "olinetype": "BYLAYER", "linetype": "", "color": "255,0,255,254", "ocolor": 256, "color24": -1, "transparency": 0, "lweight": -1, "linewidth": 0.0, "ltscale": 1.0, "visible": 1, "thickness": 0.0, "ext": "(3:0,0,1)", "width": null }, "geometry": { "type": "LineString", "coordinates": [ [ -7.515143610784362, 49.786089674499664, 0.0 ], [ -7.515263714579071, 49.784949006606361, 0.0 ] ] } },
{ "type": "Feature", "properties": { "fid": 858, "handle": 31427, "block": -1, "etype": 17, "space": 0, "layer": "SOMBREADO SUB 03", "olinetype": "BYLAYER", "linetype": "", "color": "255,0,255,254", "ocolor": 256, "color24": -1, "transparency": 0, "lweight": -1, "linewidth": 0.0, "ltscale": 1.0, "visible": 1, "thickness": 0.0, "ext": "(3:0,0,1)", "width": null }, "geometry": { "type": "LineString", "coordinates": [ [ -7.515263714579071, 49.784949006606361, 0.0 ], [ -7.517376446582558, 49.784848129534119, 0.0 ] ] } },
{ "type": "Feature", "properties": { "fid": 859, "handle": 31428, "block": -1, "etype": 17, "space": 0, "layer": "SOMBREADO SUB 03", "olinetype": "BYLAYER", "linetype": "", "color": "255,0,255,254", "ocolor": 256, "color24": -1, "transparency": 0, "lweight": -1, "linewidth": 0.0, "ltscale": 1.0, "visible": 1, "thickness": 0.0, "ext": "(3:0,0,1)", "width": null }, "geometry": { "type": "LineString", "coordinates": [ [ -7.517376446582558, 49.784848129534119, 0.0 ], [ -7.517368639089455, 49.784779597295397, 0.0 ] ] } },
{ "type": "Feature", "properties": { "fid": 860, "handle": 31429, "block": -1, "etype": 17, "space": 0, "layer": "SOMBREADO SUB 03", "olinetype": "BYLAYER", "linetype": "", "color": "255,0,255,254", "ocolor": 256, "color24": -1, "transparency": 0, "lweight": -1, "linewidth": 0.0, "ltscale": 1.0, "visible": 1, "thickness": 0.0, "ext": "(3:0,0,1)", "width": null }, "geometry": { "type": "LineString", "coordinates": [ [ -7.517368639089455, 49.784779597295397, 0.0 ], [ -7.519634134192471, 49.784671382746161, 0.0 ] ] } },
{ "type": "Feature", "properties": { "fid": 861, "handle": 31430, "block": -1, "etype": 17, "space": 0, "layer": "SOMBREADO SUB 03", "olinetype": "BYLAYER", "linetype": "", "color": "255,0,255,254", "ocolor": 256, "color24": -1, "transparency": 0, "lweight": -1, "linewidth": 0.0, "ltscale": 1.0, "visible": 1, "thickness": 0.0, "ext": "(3:0,0,1)", "width": null }, "geometry": { "type": "LineString", "coordinates": [ [ -7.519634134192471, 49.784671382746161, 0.0 ], [ -7.519639430280819, 49.784717851587388, 0.0 ] ] } },
{ "type": "Feature", "properties": { "fid": 862, "handle": 31431, "block": -1, "etype": 17, "space": 0, "layer": "SOMBREADO SUB 03", "olinetype": "BYLAYER", "linetype": "", "color": "255,0,255,254", "ocolor": 256, "color24": -1, "transparency": 0, "lweight": -1, "linewidth": 0.0, "ltscale": 1.0, "visible": 1, "thickness": 0.0, "ext": "(3:0,0,1)", "width": null }, "geometry": { "type": "LineString", "coordinates": [ [ -7.519639430280819, 49.784717851587388, 0.0 ], [ -7.519473404136207, 49.784785627250862, 0.0 ] ] } },
{ "type": "Feature", "properties": { "fid": 863, "handle": 31432, "block": -1, "etype": 17, "space": 0, "layer": "SOMBREADO SUB 03", "olinetype": "BYLAYER", "linetype": "", "color": "255,0,255,254", "ocolor": 256, "color24": -1, "transparency": 0, "lweight": -1, "linewidth": 0.0, "ltscale": 1.0, "visible": 1, "thickness": 0.0, "ext": "(3:0,0,1)", "width": null }, "geometry": { "type": "LineString", "coordinates": [ [ -7.519473404136207, 49.784785627250862, 0.0 ], [ -7.519663550116999, 49.785133166537584, 0.0 ] ] } },
{ "type": "Feature", "properties": { "fid": 864, "handle": 31433, "block": -1, "etype": 17, "space": 0, "layer": "SOMBREADO SUB 03", "olinetype": "BYLAYER", "linetype": "", "color": "255,0,255,254", "ocolor": 256, "color24": -1, "transparency": 0, "lweight": -1, "linewidth": 0.0, "ltscale": 1.0, "visible": 1, "thickness": 0.0, "ext": "(3:0,0,1)", "width": null }, "geometry": { "type": "LineString", "coordinates": [ [ -7.519663550116999, 49.785133166537584, 0.0 ], [ -7.51973554668752, 49.785345371779606, 0.0 ] ] } },
{ "type": "Feature", "properties": { "fid": 865, "handle": 31434, "block": -1, "etype": 17, "space": 0, "layer": "SOMBREADO SUB 03", "olinetype": "BYLAYER", "linetype": "", "color": "255,0,255,254", "ocolor": 256, "color24": -1, "transparency": 0, "lweight": -1, "linewidth": 0.0, "ltscale": 1.0, "visible": 1, "thickness": 0.0, "ext": "(3:0,0,1)", "width": null }, "geometry": { "type": "LineString", "coordinates": [ [ -7.51973554668752, 49.785345371779606, 0.0 ], [ -7.520134823523413, 49.785326294848616, 0.0 ] ] } },
{ "type": "Feature", "properties": { "fid": 866, "handle": 31435, "block": -1, "etype": 17, "space": 0, "layer": "SOMBREADO SUB 03", "olinetype": "BYLAYER", "linetype": "", "color": "255,0,255,254", "ocolor": 256, "color24": -1, "transparency": 0, "lweight": -1, "linewidth": 0.0, "ltscale": 1.0, "visible": 1, "thickness": 0.0, "ext": "(3:0,0,1)", "width": null }, "geometry": { "type": "LineString", "coordinates": [ [ -7.520134823523413, 49.785326294848616, 0.0 ], [ -7.520180291978409, 49.785292214477842, 0.0 ] ] } },
{ "type": "Feature", "properties": { "fid": 867, "handle": 31436, "block": -1, "etype": 17, "space": 0, "layer": "SOMBREADO SUB 03", "olinetype": "BYLAYER", "linetype": "", "color": "255,0,255,254", "ocolor": 256, "color24": -1, "transparency": 0, "lweight": -1, "linewidth": 0.0, "ltscale": 1.0, "visible": 1, "thickness": 0.0, "ext": "(3:0,0,1)", "width": null }, "geometry": { "type": "LineString", "coordinates": [ [ -7.520180291978409, 49.785292214477842, 0.0 ], [ -7.520728200462367, 49.785106296625443, 0.0 ] ] } },
{ "type": "Feature", "properties": { "fid": 868, "handle": 31437, "block": -1, "etype": 17, "space": 0, "layer": "SOMBREADO SUB 03", "olinetype": "BYLAYER", "linetype": "", "color": "255,0,255,254", "ocolor": 256, "color24": -1, "transparency": 0, "lweight": -1, "linewidth": 0.0, "ltscale": 1.0, "visible": 1, "thickness": 0.0, "ext": "(3:0,0,1)", "width": null }, "geometry": { "type": "LineString", "coordinates": [ [ -7.520728200462367, 49.785106296625443, 0.0 ], [ -7.520846187451501, 49.785126615711775, 0.0 ] ] } },
{ "type": "Feature", "properties": { "fid": 869, "handle": 31438, "block": -1, "etype": 17, "space": 0, "layer": "SOMBREADO SUB 03", "olinetype": "BYLAYER", "linetype": "", "color": "255,0,255,254", "ocolor": 256, "color24": -1, "transparency": 0, "lweight": -1, "linewidth": 0.0, "ltscale": 1.0, "visible": 1, "thickness": 0.0, "ext": "(3:0,0,1)", "width": null }, "geometry": { "type": "LineString", "coordinates": [ [ -7.520846187451501, 49.785126615711775, 0.0 ], [ -7.520979536941245, 49.785092289390654, 0.0 ] ] } },
{ "type": "Feature", "properties": { "fid": 870, "handle": 31439, "block": -1, "etype": 17, "space": 0, "layer": "SOMBREADO SUB 03", "olinetype": "BYLAYER", "linetype": "", "color": "255,0,255,254", "ocolor": 256, "color24": -1, "transparency": 0, "lweight": -1, "linewidth": 0.0, "ltscale": 1.0, "visible": 1, "thickness": 0.0, "ext": "(3:0,0,1)", "width": null }, "geometry": { "type": "LineString", "coordinates": [ [ -7.520979536941245, 49.785092289390654, 0.0 ], [ -7.521042060347869, 49.785018418151623, 0.0 ] ] } },
{ "type": "Feature", "properties": { "fid": 871, "handle": 31440, "block": -1, "etype": 17, "space": 0, "layer": "SOMBREADO SUB 03", "olinetype": "BYLAYER", "linetype": "", "color": "255,0,255,254", "ocolor": 256, "color24": -1, "transparency": 0, "lweight": -1, "linewidth": 0.0, "ltscale": 1.0, "visible": 1, "thickness": 0.0, "ext": "(3:0,0,1)", "width": null }, "geometry": { "type": "LineString", "coordinates": [ [ -7.521042060347869, 49.785018418151623, 0.0 ], [ -7.521365934288569, 49.784983890615059, 0.0 ] ] } },
{ "type": "Feature", "properties": { "fid": 872, "handle": 31441, "block": -1, "etype": 17, "space": 0, "layer": "SOMBREADO SUB 03", "olinetype": "BYLAYER", "linetype": "", "color": "255,0,255,254", "ocolor": 256, "color24": -1, "transparency": 0, "lweight": -1, "linewidth": 0.0, "ltscale": 1.0, "visible": 1, "thickness": 0.0, "ext": "(3:0,0,1)", "width": null }, "geometry": { "type": "LineString", "coordinates": [ [ -7.521365934288569, 49.784983890615059, 0.0 ], [ -7.52295653194563, 49.784470684700707, 0.0 ] ] } },
{ "type": "Feature", "properties": { "fid": 873, "handle": 31442, "block": -1, "etype": 17, "space": 0, "layer": "SOMBREADO SUB 03", "olinetype": "BYLAYER", "linetype": "", "color": "255,0,255,254", "ocolor": 256, "color24": -1, "transparency": 0, "lweight": -1, "linewidth": 0.0, "ltscale": 1.0, "visible": 1, "thickness": 0.0, "ext": "(3:0,0,1)", "width": null }, "geometry": { "type": "LineString", "coordinates": [ [ -7.52295653194563, 49.784470684700707, 0.0 ], [ -7.523167049944655, 49.784410933760277, 0.0 ] ] } },
{ "type": "Feature", "properties": { "fid": 874, "handle": 31443, "block": -1, "etype": 17, "space": 0, "layer": "SOMBREADO SUB 03", "olinetype": "BYLAYER", "linetype": "", "color": "255,0,255,254", "ocolor": 256, "color24": -1, "transparency": 0, "lweight": -1, "linewidth": 0.0, "ltscale": 1.0, "visible": 1, "thickness": 0.0, "ext": "(3:0,0,1)", "width": null }, "geometry": { "type": "LineString", "coordinates": [ [ -7.523167049944655, 49.784410933760277, 0.0 ], [ -7.523167049944655, 49.784410933760277, 0.0 ] ] } },
{ "type": "Feature", "properties": { "fid": 875, "handle": 31444, "block": -1, "etype": 17, "space": 0, "layer": "SOMBREADO SUB 03", "olinetype": "BYLAYER", "linetype": "", "color": "255,0,255,254", "ocolor": 256, "color24": -1, "transparency": 0, "lweight": -1, "linewidth": 0.0, "ltscale": 1.0, "visible": 1, "thickness": 0.0, "ext": "(3:0,0,1)", "width": null }, "geometry": { "type": "LineString", "coordinates": [ [ -7.523167049944655, 49.784410933760277, 0.0 ], [ -7.523594392011425, 49.784278311054194, 0.0 ] ] } },
{ "type": "Feature", "properties": { "fid": 876, "handle": 31445, "block": -1, "etype": 17, "space": 0, "layer": "SOMBREADO SUB 03", "olinetype": "BYLAYER", "linetype": "", "color": "255,0,255,254", "ocolor": 256, "color24": -1, "transparency": 0, "lweight": -1, "linewidth": 0.0, "ltscale": 1.0, "visible": 1, "thickness": 0.0, "ext": "(3:0,0,1)", "width": null }, "geometry": { "type": "LineString", "coordinates": [ [ -7.523594392011425, 49.784278311054194, 0.0 ], [ -7.523594392011425, 49.784278311054194, 0.0 ] ] } },
{ "type": "Feature", "properties": { "fid": 877, "handle": 31446, "block": -1, "etype": 17, "space": 0, "layer": "SOMBREADO SUB 03", "olinetype": "BYLAYER", "linetype": "", "color": "255,0,255,254", "ocolor": 256, "color24": -1, "transparency": 0, "lweight": -1, "linewidth": 0.0, "ltscale": 1.0, "visible": 1, "thickness": 0.0, "ext": "(3:0,0,1)", "width": null }, "geometry": { "type": "LineString", "coordinates": [ [ -7.523594392011425, 49.784278311054194, 0.0 ], [ -7.524264247886628, 49.784248475064423, 0.0 ] ] } },
{ "type": "Feature", "properties": { "fid": 878, "handle": 31447, "block": -1, "etype": 17, "space": 0, "layer": "SOMBREADO SUB 03", "olinetype": "BYLAYER", "linetype": "", "color": "255,0,255,254", "ocolor": 256, "color24": -1, "transparency": 0, "lweight": -1, "linewidth": 0.0, "ltscale": 1.0, "visible": 1, "thickness": 0.0, "ext": "(3:0,0,1)", "width": null }, "geometry": { "type": "LineString", "coordinates": [ [ -7.524264247886628, 49.784248475064423, 0.0 ], [ -7.524083955233142, 49.784578865008818, 0.0 ] ] } },
{ "type": "Feature", "properties": { "fid": 879, "handle": 31448, "block": -1, "etype": 17, "space": 0, "layer": "SOMBREADO SUB 03", "olinetype": "BYLAYER", "linetype": "", "color": "255,0,255,254", "ocolor": 256, "color24": -1, "transparency": 0, "lweight": -1, "linewidth": 0.0, "ltscale": 1.0, "visible": 1, "thickness": 0.0, "ext": "(3:0,0,1)", "width": null }, "geometry": { "type": "LineString", "coordinates": [ [ -7.524083955233142, 49.784578865008818, 0.0 ], [ -7.523685611321485, 49.785234644362838, 0.0 ] ] } }
]
}
